SYMBOL,SL_MODE,TARGET_R,FROZEN_ENTRIES,VALID_ENTRIES,INVALID_RISK_ENTRIES,TRADES,STOP_LOSS,TARGET,END_OF_DAY,WIN_RATE_PCT,TOTAL_PNL,AVG_PNL,PROFIT_FACTOR,MAX_DRAWDOWN,AVG_MFE_R,P90_MFE_R,AVG_MAE_R,P90_MAE_R
INFY,ORB,1.0,236,236,0,236,29,40,167,40.67796610169492,-646.5062465605488,-2.7394332481379187,0.5297202154601087,667.081418926799,0.5764856377331918,1.1982556728760976,0.5503487022118191,1.1506904856558802
INFY,ORB_50,1.0,236,236,0,236,87,102,47,46.61016949152542,-674.7216237290252,-2.8589899310551914,0.3983987346313418,681.2582629569752,1.3514219418532836,2.8438592914949465,1.2785830623882308,2.5433997545008724
INFY,VWAP_MIDDLE,1.0,236,235,1,235,98,101,36,45.53191489361702,-774.3141212614564,-3.294953707495559,0.32165327001134447,776.7836029928495,1.4868699632498938,3.238433585360034,1.405763728346447,3.051140036032781
INFY,ORB,1.25,236,236,0,236,29,23,184,38.983050847457626,-707.2403610632796,-2.9967811909460997,0.4903321317880699,738.3730790783043,0.5764856377331918,1.1982556728760976,0.5503487022118191,1.1506904856558802
INFY,ORB_50,1.25,236,236,0,236,95,83,58,42.79661016949153,-661.6125380610009,-2.803442957885597,0.44748336273534667,664.7583619723509,1.3514219418532836,2.8438592914949465,1.2785830623882308,2.5433997545008724
INFY,VWAP_MIDDLE,1.25,236,235,1,235,105,86,44,42.12765957446808,-759.6890190627655,-3.2327192300543213,0.3741304960949269,763.6579814262695,1.4868699632498938,3.238433585360034,1.405763728346447,3.051140036032781
INFY,ORB,1.5,236,236,0,236,30,15,191,38.13559322033898,-712.3682395784987,-3.0185094897394014,0.4919392111960044,752.545600017936,0.5764856377331918,1.1982556728760976,0.5503487022118191,1.1506904856558802
INFY,ORB_50,1.5,236,236,0,236,101,67,68,38.559322033898304,-695.0854620107996,-2.9452773814016933,0.45132660782668527,700.8773122471495,1.3514219418532836,2.8438592914949465,1.2785830623882308,2.5433997545008724
INFY,VWAP_MIDDLE,1.5,236,235,1,235,109,77,49,39.148936170212764,-715.1510130544037,-3.0431958002315054,0.4313380144938346,720.6194560500187,1.4868699632498938,3.238433585360034,1.405763728346447,3.051140036032781
INFY,ORB,1.75,236,236,0,236,30,7,199,38.13559322033898,-736.4093751685858,-3.1203787083414656,0.4747930813813589,776.9575414827542,0.5764856377331918,1.1982556728760976,0.5503487022118191,1.1506904856558802
INFY,ORB_50,1.75,236,236,0,236,104,57,75,36.440677966101696,-683.3255128772254,-2.8954470884628196,0.47484470598788436,691.7633894385749,1.3514219418532836,2.8438592914949465,1.2785830623882308,2.5433997545008724
INFY,VWAP_MIDDLE,1.75,236,235,1,235,111,65,59,37.4468085106383,-688.8706267505003,-2.931364369151065,0.46288569072639396,696.2705471849082,1.4868699632498938,3.238433585360034,1.405763728346447,3.051140036032781
INFY,ORB,2.0,236,236,0,236,30,4,202,38.13559322033898,-735.5167913795235,-3.116596573642049,0.4754296718394244,779.1983648267981,0.5764856377331918,1.1982556728760976,0.5503487022118191,1.1506904856558802
INFY,ORB_50,2.0,236,236,0,236,106,51,79,35.16949152542373,-661.1253442494753,-2.8013785773282853,0.4995778193807278,673.6239989132251,1.3514219418532836,2.8438592914949465,1.2785830623882308,2.5433997545008724
INFY,VWAP_MIDDLE,2.0,236,235,1,235,115,51,69,33.61702127659574,-734.9438033399648,-3.127420439744531,0.444381160011828,738.9363452135833,1.4868699632498938,3.238433585360034,1.405763728346447,3.051140036032781
INFY,ORB,2.25,236,236,0,236,30,1,205,38.13559322033898,-760.1808326725106,-3.2211052231886046,0.45783928588703593,793.9029343225102,0.5764856377331918,1.1982556728760976,0.5503487022118191,1.1506904856558802
INFY,ORB_50,2.25,236,236,0,236,108,38,90,33.05084745762712,-722.8842320580751,-3.063068779907098,0.46581837076078586,736.614161269425,1.3514219418532836,2.8438592914949465,1.2785830623882308,2.5433997545008724
INFY,VWAP_MIDDLE,2.25,236,235,1,235,115,43,77,33.191489361702125,-717.8084632157365,-3.0545040987903684,0.4579010287141376,723.3876470562917,1.4868699632498938,3.238433585360034,1.405763728346447,3.051140036032781
INFY,ORB,2.5,236,236,0,236,30,1,205,38.13559322033898,-757.6439567934734,-3.2103557491248873,0.4596485849104794,791.3660584434729,0.5764856377331918,1.1982556728760976,0.5503487022118191,1.1506904856558802
INFY,ORB_50,2.5,236,236,0,236,108,31,97,32.20338983050847,-739.6204741250253,-3.133985059851802,0.45439902640393814,756.4277238911251,1.3514219418532836,2.8438592914949465,1.2785830623882308,2.5433997545008724
INFY,VWAP_MIDDLE,2.5,236,235,1,235,115,37,83,33.191489361702125,-707.2548198146303,-3.009594977934597,0.4658712875286231,715.1914158145303,1.4868699632498938,3.238433585360034,1.405763728346447,3.051140036032781
INFY,ORB,2.75,236,236,0,236,30,0,206,38.13559322033898,-758.9089019999982,-3.2157156864406704,0.4587464264147538,792.6310036499976,0.5764856377331918,1.1982556728760976,0.5503487022118191,1.1506904856558802
INFY,ORB_50,2.75,236,236,0,236,108,23,105,31.35593220338983,-760.2537079424252,-3.2214140167051917,0.4407150699556178,779.2756898037746,1.3514219418532836,2.8438592914949465,1.2785830623882308,2.5433997545008724
INFY,VWAP_MIDDLE,2.75,236,235,1,235,117,32,86,31.914893617021278,-740.660727509835,-3.151747776637596,0.4499927319005249,752.4824747979044,1.4868699632498938,3.238433585360034,1.405763728346447,3.051140036032781
INFY,ORB,3.0,236,236,0,236,30,0,206,38.13559322033898,-758.9089019999982,-3.2157156864406704,0.4587464264147538,792.6310036499976,0.5764856377331918,1.1982556728760976,0.5503487022118191,1.1506904856558802
INFY,ORB_50,3.0,236,236,0,236,108,20,108,30.93220338983051,-756.6936240572992,-3.2063289154970303,0.4443990550062764,778.3616322436487,1.3514219418532836,2.8438592914949465,1.2785830623882308,2.5433997545008724
INFY,VWAP_MIDDLE,3.0,236,235,1,235,119,27,89,30.21276595744681,-773.5546275780879,-3.291721819481225,0.43239244604842825,789.2615261543273,1.4868699632498938,3.238433585360034,1.405763728346447,3.051140036032781
RELIANCE,ORB,1.0,295,295,0,295,71,57,167,30.16949152542373,-1212.301590702749,-4.109496917636438,0.3383140090171798,1212.3015907027498,0.6120039596886897,1.3482922907582784,0.7589362459905354,1.723553432905829
RELIANCE,ORB_50,1.0,295,295,0,295,152,110,33,31.864406779661014,-1233.7667633127007,-4.182260214619324,0.15416068021232693,1233.7667633127007,1.4823044782156138,3.308966846846859,1.8647111540844548,4.275587848932547
RELIANCE,VWAP_MIDDLE,1.0,295,295,0,295,144,109,42,30.508474576271187,-1259.282020621783,-4.268752612277231,0.14096397146138892,1259.2820206217834,1.582417293174542,3.7801972410409657,1.804426009848405,4.1154097759482
RELIANCE,ORB,1.25,295,295,0,295,73,41,181,28.8135593220339,-1173.529112775356,-3.9780647890690033,0.36992503151624023,1173.5291127753571,0.6120039596886897,1.3482922907582784,0.7589362459905354,1.723553432905829
RELIANCE,ORB_50,1.25,295,295,0,295,159,97,39,32.88135593220339,-1167.9422716748263,-3.959126344660428,0.22732403859443429,1167.9422716748268,1.4823044782156138,3.308966846846859,1.8647111540844548,4.275587848932547
RELIANCE,VWAP_MIDDLE,1.25,295,295,0,295,150,94,51,33.220338983050844,-1210.4065338855312,-4.1030729962221395,0.20071854084465335,1211.1452149445336,1.582417293174542,3.7801972410409657,1.804426009848405,4.1154097759482
RELIANCE,ORB,1.5,295,295,0,295,75,24,196,27.45762711864407,-1231.8533165424383,-4.175773954381147,0.3501087224834275,1231.853316542439,0.6120039596886897,1.3482922907582784,0.7589362459905354,1.723553432905829
RELIANCE,ORB_50,1.5,295,295,0,295,168,84,43,31.186440677966104,-1174.8356458068001,-3.9824937145993227,0.2600478176631006,1174.835645806801,1.4823044782156138,3.308966846846859,1.8647111540844548,4.275587848932547
RELIANCE,VWAP_MIDDLE,1.5,295,295,0,295,158,74,63,28.8135593220339,-1219.58098618432,-4.134172834523119,0.23035211141601444,1219.5809861843209,1.582417293174542,3.7801972410409657,1.804426009848405,4.1154097759482
RELIANCE,ORB,1.75,295,295,0,295,75,19,201,27.11864406779661,-1204.9430465301373,-4.084552700102161,0.3645367647981885,1204.9430465301377,0.6120039596886897,1.3482922907582784,0.7589362459905354,1.723553432905829
RELIANCE,ORB_50,1.75,295,295,0,295,175,66,54,26.779661016949152,-1201.2824029736255,-4.0721437388936454,0.2728460057057843,1201.2824029736257,1.4823044782156138,3.308966846846859,1.8647111540844548,4.275587848932547
RELIANCE,VWAP_MIDDLE,1.75,295,295,0,295,161,66,68,27.796610169491526,-1181.3145847895848,-4.004456219625712,0.26443728654593834,1181.3145847895858,1.582417293174542,3.7801972410409657,1.804426009848405,4.1154097759482
RELIANCE,ORB,2.0,295,295,0,295,75,12,208,27.11864406779661,-1189.2129787628264,-4.031230436484157,0.3728324927847884,1189.2129787628269,0.6120039596886897,1.3482922907582784,0.7589362459905354,1.723553432905829
RELIANCE,ORB_50,2.0,295,295,0,295,176,58,61,25.76271186440678,-1184.046659869801,-4.013717491084071,0.2889431962732168,1184.0466598698017,1.4823044782156138,3.308966846846859,1.8647111540844548,4.275587848932547
RELIANCE,VWAP_MIDDLE,2.0,295,295,0,295,165,58,72,26.440677966101696,-1172.3241249625826,-3.973980084618924,0.2854614982815871,1172.3241249625828,1.582417293174542,3.7801972410409657,1.804426009848405,4.1154097759482
RELIANCE,ORB,2.25,295,295,0,295,75,8,212,27.11864406779661,-1178.5377405127142,-3.995043188178692,0.3784624032228805,1178.5377405127144,0.6120039596886897,1.3482922907582784,0.7589362459905354,1.723553432905829
RELIANCE,ORB_50,2.25,295,295,0,295,178,48,69,24.40677966101695,-1179.7926889962007,-3.9992972508345788,0.2998432746917987,1179.7926889962014,1.4823044782156138,3.308966846846859,1.8647111540844548,4.275587848932547
RELIANCE,VWAP_MIDDLE,2.25,295,295,0,295,168,48,79,24.74576271186441,-1205.3893307683936,-4.086065528028453,0.27859288198771565,1205.3893307683936,1.582417293174542,3.7801972410409657,1.804426009848405,4.1154097759482
RELIANCE,ORB,2.5,295,295,0,295,75,6,214,27.11864406779661,-1168.1624729829016,-3.9598727897725476,0.3839341150100601,1168.1624729829023,0.6120039596886897,1.3482922907582784,0.7589362459905354,1.723553432905829
RELIANCE,ORB_50,2.5,295,295,0,295,180,41,74,23.389830508474578,-1175.945962128376,-3.986257498740258,0.3073591522593685,1175.9459621283766,1.4823044782156138,3.308966846846859,1.8647111540844548,4.275587848932547
RELIANCE,VWAP_MIDDLE,2.5,295,295,0,295,170,42,83,24.06779661016949,-1186.493462825763,-4.0220117383924165,0.2962310622433578,1186.4934628257633,1.582417293174542,3.7801972410409657,1.804426009848405,4.1154097759482
RELIANCE,ORB,2.75,295,295,0,295,75,3,217,27.11864406779661,-1179.554984472002,-3.9984914727864473,0.3779259287901511,1179.5549844720024,0.6120039596886897,1.3482922907582784,0.7589362459905354,1.723553432905829
RELIANCE,ORB_50,2.75,295,295,0,295,182,34,79,22.372881355932204,-1180.2264199200015,-4.000767525152548,0.3117763645681381,1180.2264199200022,1.4823044782156138,3.308966846846859,1.8647111540844548,4.275587848932547
RELIANCE,VWAP_MIDDLE,2.75,295,295,0,295,171,35,89,23.050847457627118,-1174.2951207296371,-3.98066142620216,0.30628297829994405,1174.2951207296376,1.582417293174542,3.7801972410409657,1.804426009848405,4.1154097759482
RELIANCE,ORB,3.0,295,295,0,295,75,3,217,27.11864406779661,-1171.933165066802,-3.972654796836617,0.3819455262568527,1171.9331650668025,0.6120039596886897,1.3482922907582784,0.7589362459905354,1.723553432905829
RELIANCE,ORB_50,3.0,295,295,0,295,183,29,83,22.033898305084744,-1168.6459284298503,-3.961511621796103,0.32162356857673924,1168.6459284298503,1.4823044782156138,3.308966846846859,1.8647111540844548,4.275587848932547
RELIANCE,VWAP_MIDDLE,3.0,295,295,0,295,172,30,93,22.71186440677966,-1167.4110942071743,-3.957325743075167,0.31375247588630856,1167.4110942071748,1.582417293174542,3.7801972410409657,1.804426009848405,4.1154097759482
ICICIBANK,ORB,1.0,270,270,0,270,62,50,158,32.96296296296296,-1046.2062553850988,-3.8748379829077733,0.31840194525468957,1046.2062553850983,0.5945280372416386,1.2775017777777715,0.7538856349948297,1.5724135299571185
ICICIBANK,ORB_50,1.0,270,270,0,270,140,94,36,31.851851851851855,-1110.6378506259,-4.113473520836667,0.13899711063765433,1110.6378506259002,1.4185982094192489,3.1834342512077014,1.8225868828685277,3.805264637230161
ICICIBANK,VWAP_MIDDLE,1.0,270,270,0,270,143,93,34,30.0,-1134.9776205679175,-4.203620816918213,0.14730705837754676,1134.9776205679175,1.4535387240106064,3.2367386791312054,1.8089667873602877,3.6278992900150717
ICICIBANK,ORB,1.25,270,270,0,270,62,29,179,31.11111111111111,-1069.5453717944463,-3.9612791547942456,0.3127628609935794,1069.5453717944463,0.5945280372416386,1.2775017777777715,0.7538856349948297,1.5724135299571185
ICICIBANK,ORB_50,1.25,270,270,0,270,145,78,47,29.629629629629626,-1089.7136956518773,-4.0359766505625085,0.1872252962081916,1089.7136956518777,1.4185982094192489,3.1834342512077014,1.8225868828685277,3.805264637230161
ICICIBANK,VWAP_MIDDLE,1.25,270,270,0,270,148,76,46,28.888888888888886,-1120.3215445014944,-4.149339053709238,0.18692295560152172,1120.321544501494,1.4535387240106064,3.2367386791312054,1.8089667873602877,3.6278992900150717
ICICIBANK,ORB,1.5,270,270,0,270,62,20,188,30.74074074074074,-1061.5126014371274,-3.9315281534708424,0.31833079312358953,1061.5126014371274,0.5945280372416386,1.2775017777777715,0.7538856349948297,1.5724135299571185
ICICIBANK,ORB_50,1.5,270,270,0,270,150,61,59,28.51851851851852,-1089.916814444401,-4.036728942386671,0.21202402234419793,1091.4256616520759,1.4185982094192489,3.1834342512077014,1.8225868828685277,3.805264637230161
ICICIBANK,VWAP_MIDDLE,1.5,270,270,0,270,151,64,55,28.14814814814815,-1116.7197958187094,-4.135999243772997,0.20836183067291952,1116.7197958187087,1.4535387240106064,3.2367386791312054,1.8089667873602877,3.6278992900150717
ICICIBANK,ORB,1.75,270,270,0,270,62,14,194,30.37037037037037,-1058.2064405784022,-3.9192831132533414,0.32206801397017326,1058.2064405784026,0.5945280372416386,1.2775017777777715,0.7538856349948297,1.5724135299571185
ICICIBANK,ORB_50,1.75,270,270,0,270,151,54,65,27.77777777777778,-1066.0045064543258,-3.948164838719725,0.23659794804782083,1066.0045064543265,1.4185982094192489,3.1834342512077014,1.8225868828685277,3.805264637230161
ICICIBANK,VWAP_MIDDLE,1.75,270,270,0,270,153,55,62,27.037037037037038,-1097.248957693945,-4.063885028496093,0.23186729750801366,1097.2489576939456,1.4535387240106064,3.2367386791312054,1.8089667873602877,3.6278992900150717
ICICIBANK,ORB,2.0,270,270,0,270,62,7,201,30.37037037037037,-1093.7349475426522,-4.050870176083897,0.2993069435746998,1093.7349475426522,0.5945280372416386,1.2775017777777715,0.7538856349948297,1.5724135299571185
ICICIBANK,ORB_50,2.0,270,270,0,270,152,46,72,26.296296296296294,-1063.3669157301756,-3.9383959841858354,0.24919679658926008,1063.366915730176,1.4185982094192489,3.1834342512077014,1.8225868828685277,3.805264637230161
ICICIBANK,VWAP_MIDDLE,2.0,270,270,0,270,154,48,68,27.037037037037038,-1060.9544509667066,-3.929460929506321,0.2600631434968659,1060.9544509667073,1.4535387240106064,3.2367386791312054,1.8089667873602877,3.6278992900150717
ICICIBANK,ORB,2.25,270,270,0,270,62,7,201,30.37037037037037,-1080.3795409170398,-4.001405707100147,0.30786298424006225,1080.3795409170402,0.5945280372416386,1.2775017777777715,0.7538856349948297,1.5724135299571185
ICICIBANK,ORB_50,2.25,270,270,0,270,152,42,76,26.296296296296294,-1038.0896306083507,-3.8447764096605583,0.26704413259553506,1038.0896306083512,1.4185982094192489,3.1834342512077014,1.8225868828685277,3.805264637230161
ICICIBANK,VWAP_MIDDLE,2.25,270,270,0,270,155,38,77,26.296296296296294,-1073.684313553965,-3.976608568718389,0.25587536485671447,1073.684313553965,1.4535387240106064,3.2367386791312054,1.8089667873602877,3.6278992900150717
ICICIBANK,ORB,2.5,270,270,0,270,62,7,201,30.37037037037037,-1067.0241342914271,-3.9519412381163965,0.3164190249054249,1067.0241342914276,0.5945280372416386,1.2775017777777715,0.7538856349948297,1.5724135299571185
ICICIBANK,ORB_50,2.5,270,270,0,270,154,34,82,24.444444444444443,-1059.3507696771767,-3.9235213691747286,0.2640755101263837,1059.3507696771774,1.4185982094192489,3.1834342512077014,1.8225868828685277,3.805264637230161
ICICIBANK,VWAP_MIDDLE,2.5,270,270,0,270,157,29,84,24.814814814814813,-1101.0450787885213,-4.077944736253783,0.24749987050736283,1101.0450787885218,1.4535387240106064,3.2367386791312054,1.8089667873602877,3.6278992900150717
ICICIBANK,ORB,2.75,270,270,0,270,62,6,202,30.37037037037037,-1058.668344481877,-3.9209938684513963,0.3217720987133483,1058.6683444818775,0.5945280372416386,1.2775017777777715,0.7538856349948297,1.5724135299571185
ICICIBANK,ORB_50,2.75,270,270,0,270,155,23,92,23.703703703703706,-1096.920150549678,-4.062667224258067,0.2433542093073809,1096.9201505496785,1.4185982094192489,3.1834342512077014,1.8225868828685277,3.805264637230161
ICICIBANK,VWAP_MIDDLE,2.75,270,270,0,270,158,23,89,24.444444444444443,-1106.5361676979699,-4.098282102585074,0.24638784800592908,1106.53616769797,1.4535387240106064,3.2367386791312054,1.8089667873602877,3.6278992900150717
ICICIBANK,ORB,3.0,270,270,0,270,62,6,202,30.37037037037037,-1047.6299333040022,-3.880110864088897,0.3288437736961052,1047.6299333040026,0.5945280372416386,1.2775017777777715,0.7538856349948297,1.5724135299571185
ICICIBANK,ORB_50,3.0,270,270,0,270,155,22,93,23.703703703703706,-1074.859533889053,-3.980961236626122,0.25857142701277264,1074.8595338890536,1.4185982094192489,3.1834342512077014,1.8225868828685277,3.805264637230161
ICICIBANK,VWAP_MIDDLE,3.0,270,270,0,270,158,20,92,24.444444444444443,-1094.9898072695737,-4.0555178047021245,0.2542515562010669,1094.9898072695737,1.4535387240106064,3.2367386791312054,1.8089667873602877,3.6278992900150717
TMPV,ORB,1.0,270,270,0,270,56,54,160,36.2962962962963,-317.6824776983249,-1.176601769253055,0.4525682110641467,323.0533847945247,0.6575640814515827,1.5164959559325402,0.6851377201112905,1.5026132213407257
TMPV,ORB_50,1.0,270,269,1,269,118,111,40,43.12267657992565,-279.45357160121233,-1.0388608609710495,0.3213383193631741,281.6503644613873,1.5671394664024494,3.3399161990950472,1.655258266981971,3.441066959122721
TMPV,VWAP_MIDDLE,1.0,270,269,1,269,128,113,28,42.37918215613383,-284.1350723164748,-1.0562642093549248,0.29983255804655656,284.135072316475,2.062376314954606,4.229878936691319,2.2998042491461868,4.094535326967154
TMPV,ORB,1.25,270,270,0,270,56,37,177,34.81481481481482,-315.7612816295997,-1.1694862282577767,0.46174513014292534,322.9442274878248,0.6575640814515827,1.5164959559325402,0.6851377201112905,1.5026132213407257
TMPV,ORB_50,1.25,270,269,1,269,123,91,55,38.66171003717472,-276.4408527064873,-1.027661162477648,0.3635676695964936,279.83734616666237,1.5671394664024494,3.3399161990950472,1.655258266981971,3.441066959122721
TMPV,VWAP_MIDDLE,1.25,270,269,1,269,140,90,39,36.80297397769517,-304.2507658338874,-1.1310437391594326,0.3173233834806438,304.49516728126844,2.062376314954606,4.229878936691319,2.2998042491461868,4.094535326967154
TMPV,ORB,1.5,270,270,0,270,56,28,186,34.44444444444444,-306.29512215534396,-1.1344263783531259,0.47898091177513535,315.2901067755938,0.6575640814515827,1.5164959559325402,0.6851377201112905,1.5026132213407257
TMPV,ORB_50,1.5,270,269,1,269,130,79,60,36.059479553903344,-277.41863885643806,-1.0312960552283943,0.39501412899724847,282.0148329166129,1.5671394664024494,3.3399161990950472,1.655258266981971,3.441066959122721
TMPV,VWAP_MIDDLE,1.5,270,269,1,269,148,72,49,32.342007434944236,-317.9574423616967,-1.181997926995155,0.32559038481699965,318.68189925883445,2.062376314954606,4.229878936691319,2.2998042491461868,4.094535326967154
TMPV,ORB,1.75,270,270,0,270,56,20,194,34.074074074074076,-300.44327167994066,-1.1127528580738544,0.4918084101459363,311.85085253032486,0.6575640814515827,1.5164959559325402,0.6851377201112905,1.5026132213407257
TMPV,ORB_50,1.75,270,269,1,269,134,66,69,33.08550185873606,-273.8722140482627,-1.0181123198820174,0.4178229798555013,277.94654407136267,1.5671394664024494,3.3399161990950472,1.655258266981971,3.441066959122721
TMPV,VWAP_MIDDLE,1.75,270,269,1,269,150,60,59,31.226765799256505,-316.9225040433234,-1.1781505726517598,0.3386240042605096,318.1270163902175,2.062376314954606,4.229878936691319,2.2998042491461868,4.094535326967154
TMPV,ORB,2.0,270,270,0,270,57,16,197,33.7037037037037,-302.5941167813624,-1.120718951042083,0.49284374799613584,316.82063053859986,0.6575640814515827,1.5164959559325402,0.6851377201112905,1.5026132213407257
TMPV,ORB_50,2.0,270,269,1,269,135,59,75,31.970260223048324,-261.1822999038374,-0.9709379178581317,0.451526274903679,266.1068553519375,1.5671394664024494,3.3399161990950472,1.655258266981971,3.441066959122721
TMPV,VWAP_MIDDLE,2.0,270,269,1,269,150,51,68,30.483271375464682,-307.54747870714,-1.1432991773499628,0.36518097712921255,309.23204650379085,2.062376314954606,4.229878936691319,2.2998042491461868,4.094535326967154
TMPV,ORB,2.25,270,270,0,270,57,12,201,33.7037037037037,-297.45365628388134,-1.1016802084588198,0.5014593043962627,311.59243678933126,0.6575640814515827,1.5164959559325402,0.6851377201112905,1.5026132213407257
TMPV,ORB_50,2.25,270,269,1,269,136,52,81,30.855018587360593,-249.24715267852477,-0.9265693408123598,0.4811934007290394,255.0219335516247,1.5671394664024494,3.3399161990950472,1.655258266981971,3.441066959122721
TMPV,VWAP_MIDDLE,2.25,270,269,1,269,152,47,70,29.739776951672862,-301.64129376020253,-1.1213430994803069,0.38581963992540436,303.80591700660995,2.062376314954606,4.229878936691319,2.2998042491461868,4.094535326967154
TMPV,ORB,2.5,270,270,0,270,57,9,204,33.7037037037037,-298.63934810769365,-1.1060716596581246,0.4994720515448441,314.8550196327936,0.6575640814515827,1.5164959559325402,0.6851377201112905,1.5026132213407257
TMPV,ORB_50,2.5,270,269,1,269,136,39,94,30.111524163568777,-256.0126688096244,-0.9517199584000907,0.4677809355085767,262.63767510772425,1.5671394664024494,3.3399161990950472,1.655258266981971,3.441066959122721
TMPV,VWAP_MIDDLE,2.5,270,269,1,269,154,40,75,28.99628252788104,-296.17584104766337,-1.1010254314039531,0.4018090134985656,298.82051974382733,2.062376314954606,4.229878936691319,2.2998042491461868,4.094535326967154
TMPV,ORB,2.75,270,270,0,270,57,7,206,33.7037037037037,-293.79777287784367,-1.088139899547569,0.5075866678284767,312.0903354225937,0.6575640814515827,1.5164959559325402,0.6851377201112905,1.5026132213407257
TMPV,ORB_50,2.75,270,269,1,269,137,34,98,29.36802973977695,-252.84050101346216,-0.9399275130611976,0.47735669839257927,260.3157327365621,1.5671394664024494,3.3399161990950472,1.655258266981971,3.441066959122721
TMPV,VWAP_MIDDLE,2.75,270,269,1,269,156,33,80,27.509293680297397,-305.6124739092538,-1.136105850963769,0.39033580839796234,308.73720805517445,2.062376314954606,4.229878936691319,2.2998042491461868,4.094535326967154
TMPV,ORB,3.0,270,270,0,270,57,4,209,33.7037037037037,-301.2484430059501,-1.1157349740961116,0.49509913509889,313.51145107319996,0.6575640814515827,1.5164959559325402,0.6851377201112905,1.5026132213407257
TMPV,ORB_50,3.0,270,269,1,269,137,30,102,29.36802973977695,-244.17166432863732,-0.9077013543815514,0.4952759376279546,252.69905882336218,1.5671394664024494,3.3399161990950472,1.655258266981971,3.441066959122721
TMPV,VWAP_MIDDLE,3.0,270,269,1,269,156,31,82,27.509293680297397,-296.41779879792216,-1.1019249025945062,0.4086782016160413,300.02258839359934,2.062376314954606,4.229878936691319,2.2998042491461868,4.094535326967154
ASHOKLEY,ORB,1.0,255,255,0,255,49,57,149,41.96078431372549,-100.21724215777475,-0.39300879277558726,0.5954545999116146,101.82506335777478,0.6345408125912809,1.4738439477869232,0.6548715677989464,1.4780481593636463
ASHOKLEY,ORB_50,1.0,255,255,0,255,102,107,46,45.88235294117647,-93.91274558136747,-0.3682852767896764,0.4688995336022247,95.52056678136759,1.5297525604648456,3.822758736842123,1.536861201653017,3.489414890885694
ASHOKLEY,VWAP_MIDDLE,1.0,255,255,0,255,103,109,43,46.666666666666664,-93.77420345820752,-0.3677419743459119,0.42457370475863304,96.76671925810115,1.6748458225530884,3.7241217681085335,1.7348134282256915,4.251043684865402
ASHOKLEY,ORB,1.25,255,255,0,255,50,37,168,40.3921568627451,-101.12080611227064,-0.3965521808324339,0.5971486672178414,102.72862731227066,0.6345408125912809,1.4738439477869232,0.6548715677989464,1.4780481593636463
ASHOKLEY,ORB_50,1.25,255,255,0,255,109,86,60,41.568627450980394,-97.26496820562005,-0.3814312478651767,0.4922400812065901,98.87278940562015,1.5297525604648456,3.822758736842123,1.536861201653017,3.489414890885694
ASHOKLEY,VWAP_MIDDLE,1.25,255,255,0,255,109,95,51,44.70588235294118,-88.56052337503625,-0.34729617009818137,0.48710813952768245,91.81716394886293,1.6748458225530884,3.7241217681085335,1.7348134282256915,4.251043684865402
ASHOKLEY,ORB,1.5,255,255,0,255,51,24,180,39.6078431372549,-103.43321607643124,-0.4056204552016911,0.5934033052972165,105.04103727643124,0.6345408125912809,1.4738439477869232,0.6548715677989464,1.4780481593636463
ASHOKLEY,ORB_50,1.5,255,255,0,255,113,72,70,39.6078431372549,-98.3822272111802,-0.3858126557301184,0.5055030490147913,99.99004841118024,1.5297525604648456,3.822758736842123,1.536861201653017,3.489414890885694
ASHOKLEY,VWAP_MIDDLE,1.5,255,255,0,255,115,80,60,40.78431372549019,-88.66079793295847,-0.3476894036586607,0.5148452174023791,90.26861913295856,1.6748458225530884,3.7241217681085335,1.7348134282256915,4.251043684865402
ASHOKLEY,ORB,1.75,255,255,0,255,51,15,189,39.6078431372549,-101.87940764585639,-0.39952708880727994,0.5995113370885341,103.48722884585638,0.6345408125912809,1.4738439477869232,0.6548715677989464,1.4780481593636463
ASHOKLEY,ORB_50,1.75,255,255,0,255,116,63,76,38.43137254901961,-91.10960886146282,-0.35729258377044243,0.5491787986595288,92.71743006146286,1.5297525604648456,3.822758736842123,1.536861201653017,3.489414890885694
ASHOKLEY,VWAP_MIDDLE,1.75,255,255,0,255,115,73,67,40.0,-75.86994097168737,-0.29752918028112696,0.5864471186842548,77.66234203076694,1.6748458225530884,3.7241217681085335,1.7348134282256915,4.251043684865402
ASHOKLEY,ORB,2.0,255,255,0,255,51,11,193,39.6078431372549,-97.58725630631254,-0.3826951227698531,0.6163838139777092,99.19507750631251,0.6345408125912809,1.4738439477869232,0.6548715677989464,1.4780481593636463
ASHOKLEY,ORB_50,2.0,255,255,0,255,118,57,80,37.64705882352941,-81.64161178001268,-0.3201631834510301,0.5996152719379435,83.24943298001273,1.5297525604648456,3.822758736842123,1.536861201653017,3.489414890885694
ASHOKLEY,VWAP_MIDDLE,2.0,255,255,0,255,121,60,74,37.254901960784316,-76.47524077185494,-0.2999029049876664,0.5975522810616183,78.65630464548126,1.6748458225530884,3.7241217681085335,1.7348134282256915,4.251043684865402
ASHOKLEY,ORB,2.25,255,255,0,255,51,10,194,39.6078431372549,-93.91586616265697,-0.36829751436336067,0.630816074270879,95.52368736265697,0.6345408125912809,1.4738439477869232,0.6548715677989464,1.4780481593636463
ASHOKLEY,ORB_50,2.25,255,255,0,255,119,49,87,36.86274509803922,-83.10379116479278,-0.32589722025408935,0.6001589499666665,84.71161236479287,1.5297525604648456,3.822758736842123,1.536861201653017,3.489414890885694
ASHOKLEY,VWAP_MIDDLE,2.25,255,255,0,255,123,47,85,36.07843137254902,-81.78526093180737,-0.32072651345806813,0.5764952175820017,83.39308213180743,1.6748458225530884,3.7241217681085335,1.7348134282256915,4.251043684865402
ASHOKLEY,ORB,2.5,255,255,0,255,51,7,197,39.6078431372549,-94.56066167908502,-0.37082612423170597,0.6282813785929927,96.16848287908502,0.6345408125912809,1.4738439477869232,0.6548715677989464,1.4780481593636463
ASHOKLEY,ORB_50,2.5,255,255,0,255,120,40,95,36.470588235294116,-83.61577172985034,-0.3279049871758837,0.599333202293199,85.22359292985045,1.5297525604648456,3.822758736842123,1.536861201653017,3.489414890885694
ASHOKLEY,VWAP_MIDDLE,2.5,255,255,0,255,126,41,88,34.90196078431372,-81.53866985385257,-0.31975948962295125,0.5854670366642196,83.14649105385264,1.6748458225530884,3.7241217681085335,1.7348134282256915,4.251043684865402
ASHOKLEY,ORB,2.75,255,255,0,255,52,4,199,39.21568627450981,-97.35627734098144,-0.3817893229058095,0.6197008829871962,98.96409854098142,0.6345408125912809,1.4738439477869232,0.6548715677989464,1.4780481593636463
ASHOKLEY,ORB_50,2.75,255,255,0,255,121,37,97,36.07843137254902,-79.72394660382787,-0.3126429278581485,0.6196132438014083,81.33176780382796,1.5297525604648456,3.822758736842123,1.536861201653017,3.489414890885694
ASHOKLEY,VWAP_MIDDLE,2.75,255,255,0,255,126,38,91,34.90196078431372,-75.65149044206706,-0.2966725115375179,0.6153967611940775,77.2705533195122,1.6748458225530884,3.7241217681085335,1.7348134282256915,4.251043684865402
ASHOKLEY,ORB,3.0,255,255,0,255,52,2,201,39.21568627450981,-98.3287980150003,-0.38560312947058945,0.6159019625302163,99.9366192150003,0.6345408125912809,1.4738439477869232,0.6548715677989464,1.4780481593636463
ASHOKLEY,ORB_50,3.0,255,255,0,255,121,32,102,36.07843137254902,-76.5944498260354,-0.3003703914746486,0.6345450074502147,78.2022710260355,1.5297525604648456,3.822758736842123,1.536861201653017,3.489414890885694
ASHOKLEY,VWAP_MIDDLE,3.0,255,255,0,255,128,32,95,34.11764705882353,-76.97361795415448,-0.3018573253104097,0.6128727023203532,78.58143915415455,1.6748458225530884,3.7241217681085335,1.7348134282256915,4.251043684865402
OLAELEC,ORB,1.0,271,271,0,271,56,62,153,50.184501845018445,-9.473819613194994,-0.03495874396012913,0.8918278450937768,22.37993195348998,0.757230050492825,1.6953124999999956,0.7162592086945567,1.7046301618794983
OLAELEC,ORB_50,1.0,271,271,0,271,113,125,33,50.55350553505535,-17.387176590142577,-0.06415932321085821,0.7417058714017285,22.213410595050064,1.844881562247116,4.134034482758732,1.7693585773326215,4.338113207547159
OLAELEC,VWAP_MIDDLE,1.0,271,271,0,271,112,126,33,50.184501845018445,-22.29745794722107,-0.08227844260967185,0.6418664103128663,26.45388828722396,2.526980622273123,5.771075906464999,2.0675868112977986,5.097580990540821
OLAELEC,ORB,1.25,271,271,0,271,56,48,167,50.184501845018445,-2.089895216122528,-0.007711790465396783,0.9761375582092237,18.005998054681903,0.757230050492825,1.6953124999999956,0.7162592086945567,1.7046301618794983
OLAELEC,ORB_50,1.25,271,271,0,271,123,103,45,46.494464944649444,-20.724012658432557,-0.07647237143333047,0.719837684571647,25.303610862697564,1.844881562247116,4.134034482758732,1.7693585773326215,4.338113207547159
OLAELEC,VWAP_MIDDLE,1.25,271,271,0,271,119,111,41,46.125461254612546,-22.856069017146616,-0.08433973807065172,0.6589852935193519,26.575407200515812,2.526980622273123,5.771075906464999,2.0675868112977986,5.097580990540821
OLAELEC,ORB,1.5,271,271,0,271,58,31,182,49.07749077490775,-2.0385889311188423,-0.0075224683805123335,0.9770366855517976,19.82992211141258,0.757230050492825,1.6953124999999956,0.7162592086945567,1.7046301618794983
OLAELEC,ORB_50,1.5,271,271,0,271,125,91,55,45.38745387453875,-14.860250985787568,-0.05483487448630099,0.8014346682615143,19.938685192800055,1.844881562247116,4.134034482758732,1.7693585773326215,4.338113207547159
OLAELEC,VWAP_MIDDLE,1.5,271,271,0,271,122,99,50,45.018450184501845,-18.625198451642227,-0.06872766956325545,0.7296871325142705,23.394422732293435,2.526980622273123,5.771075906464999,2.0675868112977986,5.097580990540821
OLAELEC,ORB,1.75,271,271,0,271,58,26,187,49.07749077490775,3.233333658894298,0.011931120512525085,1.0364212992584028,16.990655026428836,0.757230050492825,1.6953124999999956,0.7162592086945567,1.7046301618794983
OLAELEC,ORB_50,1.75,271,271,0,271,128,73,70,43.17343173431734,-17.793071724840093,-0.0656570912355723,0.7711217300725068,22.8762366303301,1.844881562247116,4.134034482758732,1.7693585773326215,4.338113207547159
OLAELEC,VWAP_MIDDLE,1.75,271,271,0,271,126,90,55,43.17343173431734,-16.868017388624185,-0.06224360660008924,0.7633901754770767,21.901865872504782,2.526980622273123,5.771075906464999,2.0675868112977986,5.097580990540821
OLAELEC,ORB,2.0,271,271,0,271,58,21,192,48.708487084870846,6.527414216189915,0.024086399321734005,1.0734011497102875,16.19707313988,0.757230050492825,1.6953124999999956,0.7162592086945567,1.7046301618794983
OLAELEC,ORB_50,2.0,271,271,0,271,130,66,75,42.066420664206646,-13.843931466360038,-0.05108461795704811,0.8235274283171164,20.05437396808502,1.844881562247116,4.134034482758732,1.7693585773326215,4.338113207547159
OLAELEC,VWAP_MIDDLE,2.0,271,271,0,271,129,75,67,40.959409594095945,-23.046839162938973,-0.08504368694811429,0.6863999344265576,27.018784041956525,2.526980622273123,5.771075906464999,2.0675868112977986,5.097580990540821
OLAELEC,ORB,2.25,271,271,0,271,58,18,195,48.708487084870846,8.611013776321775,0.03177495858421319,1.0968313470570705,15.68128035237,0.757230050492825,1.6953124999999956,0.7162592086945567,1.7046301618794983
OLAELEC,ORB_50,2.25,271,271,0,271,135,55,81,40.22140221402214,-14.368215657052552,-0.05301924596698359,0.8215244223335011,21.77999003712003,1.844881562247116,4.134034482758732,1.7693585773326215,4.338113207547159
OLAELEC,VWAP_MIDDLE,2.25,271,271,0,271,130,69,72,40.22140221402214,-21.560297058498264,-0.07955829172877588,0.7094201560739556,26.02976786780085,2.526980622273123,5.771075906464999,2.0675868112977986,5.097580990540821
OLAELEC,ORB,2.5,271,271,0,271,59,12,200,47.97047970479705,7.239463957169947,0.02671388914084851,1.0809080823209296,18.216123185392505,0.757230050492825,1.6953124999999956,0.7162592086945567,1.7046301618794983
OLAELEC,ORB_50,2.5,271,271,0,271,136,47,88,39.85239852398524,-14.297526358132545,-0.05275839984550755,0.8243868668562339,22.96027198882502,1.844881562247116,4.134034482758732,1.7693585773326215,4.338113207547159
OLAELEC,VWAP_MIDDLE,2.5,271,271,0,271,131,60,80,39.85239852398524,-20.029265437559136,-0.07390872855187873,0.7307971502256402,24.51347426181683,2.526980622273123,5.771075906464999,2.0675868112977986,5.097580990540821
OLAELEC,ORB,2.75,271,271,0,271,59,10,202,47.97047970479705,7.41185199224059,0.027350007351441292,1.0828346870274597,18.772633006556287,0.757230050492825,1.6953124999999956,0.7162592086945567,1.7046301618794983
OLAELEC,ORB_50,2.75,271,271,0,271,136,42,93,39.48339483394834,-12.251189804692554,-0.04520734245274005,0.8500522966001299,21.550466099250034,1.844881562247116,4.134034482758732,1.7693585773326215,4.338113207547159
OLAELEC,VWAP_MIDDLE,2.75,271,271,0,271,134,50,87,38.74538745387454,-20.4687536146677,-0.07553045614268525,0.7289509131037677,24.79015222609937,2.526980622273123,5.771075906464999,2.0675868112977986,5.097580990540821
OLAELEC,ORB,3.0,271,271,0,271,59,7,205,47.97047970479705,6.15081018326993,0.022696716543431476,1.068741312836504,18.07817149902001,0.757230050492825,1.6953124999999956,0.7162592086945567,1.7046301618794983
OLAELEC,ORB_50,3.0,271,271,0,271,137,37,97,39.11439114391143,-10.927227919132534,-0.040321874240341456,0.8666438986395024,21.359799155565028,1.844881562247116,4.134034482758732,1.7693585773326215,4.338113207547159
OLAELEC,VWAP_MIDDLE,3.0,271,271,0,271,134,49,88,38.74538745387454,-17.355075386342232,-0.06404086858428867,0.7701825218555347,21.93548736551633,2.526980622273123,5.771075906464999,2.0675868112977986,5.097580990540821
SUZLON,ORB,1.0,283,283,0,283,73,60,150,39.2226148409894,-43.55333535043495,-0.15389871148563586,0.534285448415157,45.43270384979994,0.6735499907969106,1.6185914778935167,0.7003125882642476,1.560553108247487
SUZLON,ORB_50,1.0,283,283,0,283,128,117,38,44.16961130742049,-38.600938755210045,-0.13639907687353373,0.4040673732314509,39.17173922774254,1.60368455794675,3.6305610909091017,1.6516474680631903,3.7509282448979984
SUZLON,VWAP_MIDDLE,1.0,283,283,0,283,129,119,35,44.87632508833922,-38.212858332536804,-0.135027767959494,0.3959856756551789,38.4969354426256,1.7801531903556664,3.6546861891944515,1.7699885950470085,3.9218254619031385
SUZLON,ORB,1.25,283,283,0,283,73,37,173,38.515901060070675,-43.0251963814031,-0.15203249604736077,0.543644688401602,45.37143678835122,0.6735499907969106,1.6185914778935167,0.7003125882642476,1.560553108247487
SUZLON,ORB_50,1.25,283,283,0,283,137,97,49,38.869257950530034,-39.90397646225254,-0.14100345039665207,0.4307565881884509,40.746114545685025,1.60368455794675,3.6305610909091017,1.6516474680631903,3.7509282448979984
SUZLON,VWAP_MIDDLE,1.25,283,283,0,283,138,96,49,39.57597173144876,-38.62485150763199,-0.13648357423191515,0.4320877045853866,39.07086218978999,1.7801531903556664,3.6546861891944515,1.7699885950470085,3.9218254619031385
SUZLON,ORB,1.5,283,283,0,283,73,28,182,38.16254416961131,-39.67415726141247,-0.14019136841488505,0.580212663489298,42.59082346364997,0.6735499907969106,1.6185914778935167,0.7003125882642476,1.560553108247487
SUZLON,ORB_50,1.5,283,283,0,283,142,85,56,36.39575971731448,-37.43159604681752,-0.13226712384034459,0.48263807579614876,38.556350521499986,1.60368455794675,3.6305610909091017,1.6516474680631903,3.7509282448979984
SUZLON,VWAP_MIDDLE,1.5,283,283,0,283,146,82,55,36.042402826855124,-37.83971276765199,-0.13370923239453,0.46846059803509355,38.489114360805075,1.7801531903556664,3.6546861891944515,1.7699885950470085,3.9218254619031385
SUZLON,ORB,1.75,283,283,0,283,73,16,194,38.16254416961131,-38.567288284111875,-0.1362801706152363,0.5919243068340014,41.81014695482624,0.6735499907969106,1.6185914778935167,0.7003125882642476,1.560553108247487
SUZLON,ORB_50,1.75,283,283,0,283,145,70,68,34.275618374558306,-37.31331996835509,-0.13184918716733246,0.4977660118939094,38.72069083428754,1.60368455794675,3.6305610909091017,1.6516474680631903,3.7509282448979984
SUZLON,VWAP_MIDDLE,1.75,283,283,0,283,148,76,59,34.98233215547703,-33.29055115250336,-0.11763445636926984,0.5369213515189624,34.14334365665156,1.7801531903556664,3.6546861891944515,1.7699885950470085,3.9218254619031385
SUZLON,ORB,2.0,283,283,0,283,73,9,201,38.16254416961131,-40.069846342447505,-0.14158956304751769,0.5760259264070305,43.698298980045024,0.6735499907969106,1.6185914778935167,0.7003125882642476,1.560553108247487
SUZLON,ORB_50,2.0,283,283,0,283,147,62,74,32.86219081272085,-35.867424253057564,-0.12674001502847196,0.5249881488679624,37.557411510240044,1.60368455794675,3.6305610909091017,1.6516474680631903,3.7509282448979984
SUZLON,VWAP_MIDDLE,2.0,283,283,0,283,154,61,68,32.15547703180212,-37.357997908917625,-0.13200705974882554,0.5044517340924917,38.41418132406092,1.7801531903556664,3.6546861891944515,1.7699885950470085,3.9218254619031385
SUZLON,ORB,2.25,283,283,0,283,73,7,203,38.16254416961131,-39.18365618876437,-0.1384581490769059,0.5854025944936512,43.19770279324497,0.6735499907969106,1.6185914778935167,0.7003125882642476,1.560553108247487
SUZLON,ORB_50,2.25,283,283,0,283,149,52,82,31.802120141342755,-35.20243962380256,-0.12439024602050375,0.5395752483303123,37.17504327223504,1.60368455794675,3.6305610909091017,1.6516474680631903,3.7509282448979984
SUZLON,VWAP_MIDDLE,2.25,283,283,0,283,154,54,75,32.15547703180212,-35.05631115291897,-0.12387389099971369,0.5349832653425948,36.403737198354825,1.7801531903556664,3.6546861891944515,1.7699885950470085,3.9218254619031385
SUZLON,ORB,2.5,283,283,0,283,73,5,205,38.16254416961131,-40.350093888607496,-0.1425798370622173,0.5730606618850647,42.9164777639325,0.6735499907969106,1.6185914778935167,0.7003125882642476,1.560553108247487
SUZLON,ORB_50,2.5,283,283,0,283,149,45,89,31.448763250883395,-33.4855242093676,-0.11832340710023886,0.5625294000945473,35.76036605122511,1.60368455794675,3.6305610909091017,1.6516474680631903,3.7509282448979984
SUZLON,VWAP_MIDDLE,2.5,283,283,0,283,154,49,80,32.15547703180212,-32.27039323111276,-0.11402965806046912,0.5719380507269093,33.91300250587129,1.7801531903556664,3.6546861891944515,1.7699885950470085,3.9218254619031385
SUZLON,ORB,2.75,283,283,0,283,73,4,206,38.16254416961131,-39.7375211827781,-0.14041526919709577,0.5795422176974518,42.660914948840606,0.6735499907969106,1.6185914778935167,0.7003125882642476,1.560553108247487
SUZLON,ORB_50,2.75,283,283,0,283,149,39,95,31.448763250883395,-32.260899230340094,-0.11399611035455863,0.5785284754228796,34.7593788837976,1.60368455794675,3.6305610909091017,1.6516474680631903,3.7509282448979984
SUZLON,VWAP_MIDDLE,2.75,283,283,0,283,154,42,87,32.15547703180212,-30.56546341507066,-0.1080051710779882,0.5945536902452142,32.503255919151826,1.7801531903556664,3.6546861891944515,1.7699885950470085,3.9218254619031385
SUZLON,ORB,3.0,283,283,0,283,73,2,208,38.16254416961131,-40.478504108009986,-0.14303358342053,0.5717019692825086,43.27458212300997,0.6735499907969106,1.6185914778935167,0.7003125882642476,1.560553108247487
SUZLON,ORB_50,3.0,283,283,0,283,151,31,101,30.742049469964666,-32.821319439165045,-0.11597639377796835,0.5753893363774935,35.577685471372554,1.60368455794675,3.6305610909091017,1.6516474680631903,3.7509282448979984
SUZLON,VWAP_MIDDLE,3.0,283,283,0,283,156,33,94,31.448763250883395,-31.90472901133232,-0.11273755834393047,0.5803008694427974,33.98929925081379,1.7801531903556664,3.6546861891944515,1.7699885950470085,3.9218254619031385
