variant,threshold_pct,symbol,trades,total_net_pnl,avg_net_pnl,total_net_r,avg_net_r,targets,stop_losses,eod
EMA_GAP_0P05PCT,0.05,ASHOKLEY,210,-42.466621535000236,-0.20222200730952494,-48.81622942836989,-0.23245823537318994,44,92,74
EMA_GAP_0P05PCT,0.05,ICICIBANK,184,-551.2359957500003,-2.995847802989132,-122.82065296085264,-0.667503548700286,30,94,60
EMA_GAP_0P05PCT,0.05,INFY,176,-399.85905239999954,-2.2719264340909064,-64.84838775665526,-0.3684567486173594,35,76,65
EMA_GAP_0P05PCT,0.05,OLAELEC,213,-1.2851252400000146,-0.0060334518309859845,-8.895513869724676,-0.041762975914200355,54,96,63
EMA_GAP_0P05PCT,0.05,RELIANCE,208,-670.4329471499999,-3.223235322836538,-143.45675113668605,-0.6896959189263753,41,117,50
EMA_GAP_0P05PCT,0.05,SUZLON,217,-19.057627839999988,-0.0878231697695852,-69.23456327004607,-0.31905328695873764,44,106,67
EMA_GAP_0P05PCT,0.05,TMPV,203,-180.56328499999972,-0.8894743103448263,-84.94735624307809,-0.41845988297082803,39,101,63
EMA_GAP_0P1PCT,0.1,ASHOKLEY,168,-30.26031817500019,-0.18012094151785826,-36.36114319772275,-0.2164353761769211,34,73,61
EMA_GAP_0P1PCT,0.1,ICICIBANK,122,-424.27998995000075,-3.477704835655744,-84.86385442886402,-0.6956053641710165,16,68,38
EMA_GAP_0P1PCT,0.1,INFY,145,-312.05874920000014,-2.152129304827587,-48.959909036291094,-0.33765454507786963,29,62,54
EMA_GAP_0P1PCT,0.1,OLAELEC,196,0.5227873849999879,0.0026672825765305503,-7.381694116551115,-0.0376617046762812,49,89,58
EMA_GAP_0P1PCT,0.1,RELIANCE,137,-430.45200729999914,-3.1419854547445194,-89.09512382028643,-0.6503293709509959,26,77,34
EMA_GAP_0P1PCT,0.1,SUZLON,186,-18.135321274999974,-0.09750172728494609,-63.54425631654133,-0.34163578664807165,36,94,56
EMA_GAP_0P1PCT,0.1,TMPV,178,-161.2765072,-0.906047793258427,-72.72727604283004,-0.40858020248780924,35,91,52
EMA_GAP_0P2PCT,0.2,ASHOKLEY,101,-10.926301980000323,-0.10818120772277548,-18.880281185464806,-0.18693347708380997,19,44,38
EMA_GAP_0P2PCT,0.2,ICICIBANK,67,-282.1818961000005,-4.211670091044783,-45.39302304113135,-0.67750780658405,7,36,24
EMA_GAP_0P2PCT,0.2,INFY,93,-140.5467044500011,-1.5112548865591515,-17.01308784094649,-0.1829364283972741,21,36,36
EMA_GAP_0P2PCT,0.2,OLAELEC,151,6.130479929999981,0.040599204834436964,2.6486833161851626,0.017540949113809025,38,65,48
EMA_GAP_0P2PCT,0.2,RELIANCE,59,-158.5997714500004,-2.688131719491532,-23.146090243174577,-0.39230661429109454,13,29,17
EMA_GAP_0P2PCT,0.2,SUZLON,114,-9.726778689999957,-0.08532262008771892,-36.30997776468586,-0.3185085768832093,24,58,32
EMA_GAP_0P2PCT,0.2,TMPV,107,-74.23103539999988,-0.6937479943925222,-31.624551310665147,-0.29555655430528177,23,51,33
EMA_GAP_0P3PCT,0.3,ASHOKLEY,60,-3.3425713650001474,-0.05570952275000245,-10.15425697703408,-0.16923761628390135,12,29,19
EMA_GAP_0P3PCT,0.3,ICICIBANK,28,-82.02231655000014,-2.9293684482142908,-13.319114862784922,-0.47568267367089007,2,13,13
EMA_GAP_0P3PCT,0.3,INFY,66,-64.49387455000112,-0.9771799174242595,-9.728849265996832,-0.14740680706055806,15,26,25
EMA_GAP_0P3PCT,0.3,OLAELEC,112,12.206384809999953,0.10898557866071387,11.292283253855482,0.10082395762370966,30,45,37
EMA_GAP_0P3PCT,0.3,RELIANCE,23,5.299901300000055,0.23043049130435023,-0.19184564014162797,-0.008341114788766434,6,8,9
EMA_GAP_0P3PCT,0.3,SUZLON,64,-2.4498603499999936,-0.0382790679687499,-14.27313017361759,-0.22301765896277484,16,34,14
EMA_GAP_0P3PCT,0.3,TMPV,68,-45.646616274999765,-0.6712737687499966,-15.203227262557105,-0.22357687150819272,16,33,19
EMA_GAP_0P5PCT,0.5,ASHOKLEY,29,2.1419124849999216,0.07385905120689384,0.11127564417288771,0.0038370911783754385,8,15,6
EMA_GAP_0P5PCT,0.5,ICICIBANK,5,-31.7405968500003,-6.34811937000006,-3.097884676944592,-0.6195769353889184,0,3,2
EMA_GAP_0P5PCT,0.5,INFY,31,112.81542000000015,3.6392070967741983,12.979358461567006,0.41868898263119375,11,5,15
EMA_GAP_0P5PCT,0.5,OLAELEC,63,8.054389004999976,0.12784744452380914,5.463359614168002,0.08671999387568258,16,24,23
EMA_GAP_0P5PCT,0.5,RELIANCE,9,10.107395749999766,1.123043972222196,1.3597296988647747,0.15108107765164164,2,2,5
EMA_GAP_0P5PCT,0.5,SUZLON,25,-0.01590219499998108,-0.0006360877999992431,-2.3095110910178276,-0.0923804436407131,8,12,5
EMA_GAP_0P5PCT,0.5,TMPV,21,6.4272411500000866,0.3060591023809565,3.846879543615893,0.1831847401721854,6,7,8
EMA_REGIME_0PCT,0.0,ASHOKLEY,218,-46.561057190000184,-0.21358283114678983,-52.3386335512644,-0.2400854750058,46,97,75
EMA_REGIME_0PCT,0.0,ICICIBANK,221,-674.3224507500012,-3.0512328088235345,-157.79894240472382,-0.7140223638222797,38,119,64
EMA_REGIME_0PCT,0.0,INFY,192,-437.5578144999996,-2.2789469505208313,-71.03882017076278,-0.36999385505605614,39,85,68
EMA_REGIME_0PCT,0.0,OLAELEC,224,-2.0149915300000085,-0.008995497901785752,-13.265711356512703,-0.059221925698717426,56,103,65
EMA_REGIME_0PCT,0.0,RELIANCE,246,-791.1971363500019,-3.2162485217479753,-175.04892874096416,-0.7115810111421307,50,141,55
EMA_REGIME_0PCT,0.0,SUZLON,233,-23.443310969999995,-0.10061506854077251,-85.01984910417193,-0.36489205624108123,46,119,68
EMA_REGIME_0PCT,0.0,TMPV,223,-189.5007183999997,-0.8497790062780256,-92.61854681207038,-0.41532980633215416,45,112,66
