variant,entry_hour,trades,total_net_r,avg_net_r
ORB_50PCT,09:35,322,-173.97501360232266,-0.5402950732991387
ORB_50PCT,09:40,165,-61.64022658081985,-0.37357713079284754
ORB_50PCT,09:45,112,-63.26430728056845,-0.5648598864336469
ORB_50PCT,09:50,119,-36.97016021542651,-0.310673615255685
ORB_50PCT,09:55,77,-43.97433079820209,-0.5710952051714557
ORB_50PCT,10:00,64,-43.33687185862323,-0.677138622790988
ORB_50PCT,10:05,64,-26.68845345810749,-0.4170070852829295
ORB_50PCT,10:10,57,-27.53937129265364,-0.4831468647833972
ORB_50PCT,10:15,50,-24.68217771963674,-0.49364355439273483
ORB_50PCT,10:20,24,-1.299095643331154,-0.05412898513879808
ORB_50PCT,10:25,39,-6.103780269990554,-0.1565071864100142
ORB_50PCT,10:30,31,-13.277046815474478,-0.4282918327572412
ORB_50PCT,10:35,31,-2.7020344357976174,-0.08716240115476186
ORB_50PCT,10:40,36,-17.624129837746747,-0.48955916215963186
ORB_50PCT,10:45,34,-16.415338512870107,-0.48280407390794433
ORB_50PCT,10:50,23,-18.316626898943603,-0.7963750825627653
ORB_50PCT,10:55,19,-8.927828528399257,-0.46988571202101354
ORB_50PCT,11:00,15,-6.624754843101562,-0.4416503228734375
ORB_50PCT,11:05,18,-8.44418915033516,-0.4691216194630644
ORB_50PCT,11:10,13,-8.601655498486643,-0.6616658075758957
ORB_50PCT,11:15,16,-3.4056072297454225,-0.2128504518590889
ORB_50PCT,11:20,25,-0.693743459356381,-0.02774973837425524
ORB_50PCT,11:25,16,-7.317969617660962,-0.45737310110381013
ORB_50PCT,11:30,18,-11.604857060569495,-0.6447142811427498
ORB_50PCT,11:35,14,5.30034151689229,0.3785958226351636
ORB_50PCT,11:40,14,-5.457050188824505,-0.38978929920175037
ORB_50PCT,11:45,16,-5.405385152200983,-0.33783657201256145
ORB_50PCT,11:50,17,-8.384483718619618,-0.49320492462468346
ORB_50PCT,11:55,14,-4.4132550017521845,-0.315232500125156
ORB_50PCT,12:00,13,-1.1399383363465456,-0.08768756433434967
ORB_50PCT,12:05,18,-3.740045390367529,-0.2077802994648627
ORB_50PCT,12:10,9,-1.8773156032715017,-0.20859062258572242
ORB_50PCT,12:15,10,-10.905643199804341,-1.0905643199804342
ORB_50PCT,12:20,7,-0.39099065798129023,-0.055855808283041465
ORB_50PCT,12:25,10,-2.4429623116217005,-0.24429623116217006
ORB_50PCT,12:30,10,2.347090586579474,0.2347090586579474
ORB_50PCT,12:35,12,-8.603350622466627,-0.7169458852055522
ORB_50PCT,12:40,13,-3.0337064614295244,-0.2333620354945788
ORB_50PCT,12:45,9,-4.9157584748574505,-0.5461953860952723
ORB_50PCT,12:50,15,-1.7839971688142457,-0.11893314458761638
ORB_50PCT,12:55,3,-1.1260464228841975,-0.37534880762806583
ORB_50PCT,13:00,11,2.5887222382099018,0.23533838529180925
ORB_50PCT,13:05,11,-2.425454443851323,-0.22049585853193845
ORB_50PCT,13:10,3,-1.7441385882257214,-0.5813795294085738
ORB_50PCT,13:15,11,-10.00738326915251,-0.909762115377501
ORB_50PCT,13:20,6,-6.646831427815087,-1.1078052379691812
ORB_50PCT,13:25,12,1.0488475813385438,0.08740396511154531
ORB_50PCT,13:30,9,-1.9163163630337285,-0.21292404033708096
ORB_50PCT,13:35,6,-5.837266308707216,-0.9728777181178693
ORB_50PCT,13:40,4,-1.1617571363475325,-0.29043928408688313
ORB_50PCT,13:45,5,1.0826833873662012,0.21653667747324024
ORB_50PCT,13:50,7,-5.797567993062952,-0.8282239990089931
ORB_50PCT,13:55,6,-0.8358664478216417,-0.13931107463694029
ORB_50PCT,14:00,9,-6.001250653187789,-0.6668056281319765
ORB_50PCT,14:05,7,0.2213198596516418,0.0316171228073774
ORB_50PCT,14:10,14,-3.258457184094417,-0.23274694172102978
ORB_50PCT,14:15,10,-1.2609176530328339,-0.1260917653032834
ORB_50PCT,14:20,14,-2.7141335906061936,-0.19386668504329954
ORB_50PCT,14:25,13,-9.64350840053233,-0.741808338502487
ORB_50PCT,14:30,7,-1.619341095836032,-0.23133444226229027
ORB_50PCT,14:35,8,0.433743786899087,0.054217973362385874
ORB_50PCT,14:40,9,-1.3044351714066365,-0.14493724126740404
ORB_50PCT,14:45,12,-7.008326949379265,-0.5840272457816055
ORB_50PCT,14:50,10,-7.611672630645703,-0.7611672630645703
ORB_50PCT,14:55,9,-6.57191869804506,-0.7302131886716734
ORB_50PCT,15:00,11,-7.373229774741194,-0.6702936158855631
ORB_50PCT,15:05,13,-8.357789189741222,-0.6429068607493248
ORB_50PCT,15:10,20,-11.70428797477931,-0.5852143987389655
ORB_50PCT,15:15,8,-4.383397761077201,-0.5479247201346501
ORB_50PCT,15:20,7,-2.719539465748625,-0.3885056379640893
ORB_50PCT,15:25,15,-8.83111030327575,-0.58874068688505
ORB_BOUNDARY,09:35,322,-63.663409481124205,-0.19771245180473357
ORB_BOUNDARY,09:40,165,-32.15618776135445,-0.19488598643245122
ORB_BOUNDARY,09:45,112,-26.827080023331316,-0.2395275002083153
ORB_BOUNDARY,09:50,119,-16.408791343852286,-0.137889002889515
ORB_BOUNDARY,09:55,77,-11.274332340293954,-0.14641990052329812
ORB_BOUNDARY,10:00,64,-14.621641726012328,-0.22846315196894262
ORB_BOUNDARY,10:05,64,-20.370232943468608,-0.318284889741697
ORB_BOUNDARY,10:10,57,-7.607401499328622,-0.13346318419874775
ORB_BOUNDARY,10:15,50,-13.321714280501244,-0.26643428561002486
ORB_BOUNDARY,10:20,24,2.0300297360733204,0.08458457233638834
ORB_BOUNDARY,10:25,39,-5.1678704893449705,-0.13250949972679413
ORB_BOUNDARY,10:30,31,-11.119402634996991,-0.3586904075805481
ORB_BOUNDARY,10:35,31,-3.209517500559807,-0.10353282259870344
ORB_BOUNDARY,10:40,36,-8.621655098781673,-0.23949041941060203
ORB_BOUNDARY,10:45,34,-7.62937533714245,-0.2243933922688956
ORB_BOUNDARY,10:50,23,-10.664048792540553,-0.46365429532785013
ORB_BOUNDARY,10:55,19,-5.696889860449147,-0.29983630844469195
ORB_BOUNDARY,11:00,15,-1.0579639644424388,-0.07053093096282925
ORB_BOUNDARY,11:05,18,-4.258705895545992,-0.23659477197477732
ORB_BOUNDARY,11:10,13,-5.086967365406391,-0.3913051819543378
ORB_BOUNDARY,11:15,16,-3.047385120567049,-0.19046157003544056
ORB_BOUNDARY,11:20,25,1.8171274538951034,0.07268509815580414
ORB_BOUNDARY,11:25,16,-3.6447487567432413,-0.22779679729645258
ORB_BOUNDARY,11:30,18,-9.753403968955158,-0.5418557760530643
ORB_BOUNDARY,11:35,14,4.326796742714085,0.3090569101938632
ORB_BOUNDARY,11:40,14,-2.7290120369595945,-0.1949294312113996
ORB_BOUNDARY,11:45,16,-3.296989711313924,-0.20606185695712026
ORB_BOUNDARY,11:50,17,-2.8993554204437224,-0.17055031884963073
ORB_BOUNDARY,11:55,14,-0.3458177480246441,-0.024701267716046006
ORB_BOUNDARY,12:00,13,1.375007111413994,0.10576977780107645
ORB_BOUNDARY,12:05,18,-0.2594203930415242,-0.014412244057862456
ORB_BOUNDARY,12:10,9,0.27178039905095874,0.030197822116773194
ORB_BOUNDARY,12:15,10,-1.2551987531356295,-0.12551987531356296
ORB_BOUNDARY,12:20,7,-1.2307408864170557,-0.17582012663100796
ORB_BOUNDARY,12:25,10,-1.0770970767632928,-0.10770970767632929
ORB_BOUNDARY,12:30,10,1.6606104098207735,0.16606104098207736
ORB_BOUNDARY,12:35,12,-1.2922586319646407,-0.10768821933038673
ORB_BOUNDARY,12:40,13,-1.893470574747186,-0.14565158267286046
ORB_BOUNDARY,12:45,9,-0.18669163454731652,-0.020743514949701836
ORB_BOUNDARY,12:50,15,-3.046905186142051,-0.20312701240947006
ORB_BOUNDARY,12:55,3,-0.4942515489455394,-0.1647505163151798
ORB_BOUNDARY,13:00,11,1.5939460669926533,0.14490418790842302
ORB_BOUNDARY,13:05,11,0.8890663389786677,0.08082421263442434
ORB_BOUNDARY,13:10,3,-1.6692006065674716,-0.5564002021891572
ORB_BOUNDARY,13:15,11,-3.2219302521046873,-0.2929027501913352
ORB_BOUNDARY,13:20,6,-2.3452902015447905,-0.3908817002574651
ORB_BOUNDARY,13:25,12,1.6185756088020322,0.13488130073350268
ORB_BOUNDARY,13:30,9,-0.8087616642953348,-0.08986240714392608
ORB_BOUNDARY,13:35,6,-1.625379171525641,-0.2708965285876068
ORB_BOUNDARY,13:40,4,-1.2891428879953868,-0.3222857219988467
ORB_BOUNDARY,13:45,5,0.4423077168943159,0.08846154337886318
ORB_BOUNDARY,13:50,7,-4.298883576230413,-0.6141262251757732
ORB_BOUNDARY,13:55,6,-0.356629450639465,-0.059438241773244166
ORB_BOUNDARY,14:00,9,-2.342377937030951,-0.26026421522566123
ORB_BOUNDARY,14:05,7,-1.2253019328522976,-0.17504313326461393
ORB_BOUNDARY,14:10,14,-1.9971967692300716,-0.14265691208786227
ORB_BOUNDARY,14:15,10,0.14014365596416944,0.014014365596416944
ORB_BOUNDARY,14:20,14,-1.2601856626049663,-0.09001326161464045
ORB_BOUNDARY,14:25,13,-3.0798794716337343,-0.23691380551028726
ORB_BOUNDARY,14:30,7,-1.4743714135682944,-0.2106244876526135
ORB_BOUNDARY,14:35,8,-1.360838360841918,-0.17010479510523974
ORB_BOUNDARY,14:40,9,-1.0328403275581346,-0.11476003639534829
ORB_BOUNDARY,14:45,12,-2.939345653265421,-0.24494547110545176
ORB_BOUNDARY,14:50,10,-3.2346969323736037,-0.32346969323736036
ORB_BOUNDARY,14:55,9,-1.8673627332491323,-0.20748474813879247
ORB_BOUNDARY,15:00,11,-3.7081670802730153,-0.3371060982066378
ORB_BOUNDARY,15:05,13,-3.3390563822077075,-0.25685049093905443
ORB_BOUNDARY,15:10,20,-4.706987717072168,-0.23534938585360837
ORB_BOUNDARY,15:15,8,-2.344103825011532,-0.2930129781264415
ORB_BOUNDARY,15:20,7,-1.3082891997155908,-0.18689845710222724
ORB_BOUNDARY,15:25,15,-3.0366502817149144,-0.20244335211432762
