symbol,entry_minute,entries,buys,sells
ASHOKLEY,09:20,58,29,29
ASHOKLEY,09:25,16,6,10
ASHOKLEY,09:30,17,9,8
ASHOKLEY,09:35,9,3,6
ASHOKLEY,09:40,11,6,5
ASHOKLEY,09:45,6,5,1
ASHOKLEY,09:50,9,4,5
ASHOKLEY,09:55,11,5,6
ASHOKLEY,10:00,7,2,5
ASHOKLEY,10:05,10,6,4
ASHOKLEY,10:10,12,7,5
ASHOKLEY,10:15,11,2,9
ASHOKLEY,10:20,9,6,3
ASHOKLEY,10:25,11,7,4
ASHOKLEY,10:30,10,4,6
ASHOKLEY,10:35,11,9,2
ASHOKLEY,10:40,8,3,5
ASHOKLEY,10:45,9,3,6
ASHOKLEY,10:50,8,1,7
ASHOKLEY,10:55,4,2,2
ASHOKLEY,11:00,5,1,4
ASHOKLEY,11:05,6,2,4
ASHOKLEY,11:10,15,6,9
ASHOKLEY,11:15,8,5,3
ASHOKLEY,11:20,7,5,2
ASHOKLEY,11:25,12,7,5
ASHOKLEY,11:30,8,4,4
ASHOKLEY,11:35,12,5,7
ASHOKLEY,11:40,8,5,3
ASHOKLEY,11:45,16,5,11
ASHOKLEY,11:50,9,3,6
ASHOKLEY,11:55,7,2,5
ASHOKLEY,12:00,11,5,6
ASHOKLEY,12:05,9,7,2
ASHOKLEY,12:10,5,3,2
ASHOKLEY,12:15,6,1,5
ASHOKLEY,12:20,10,7,3
ASHOKLEY,12:25,7,6,1
ASHOKLEY,12:30,9,4,5
ASHOKLEY,12:35,6,2,4
ASHOKLEY,12:40,6,4,2
ASHOKLEY,12:45,7,2,5
ASHOKLEY,12:50,10,4,6
ASHOKLEY,12:55,9,6,3
ASHOKLEY,13:00,11,8,3
ASHOKLEY,13:05,18,11,7
ASHOKLEY,13:10,8,3,5
ASHOKLEY,13:15,7,4,3
ASHOKLEY,13:20,14,5,9
ASHOKLEY,13:25,9,8,1
ASHOKLEY,13:30,10,5,5
ASHOKLEY,13:35,11,7,4
ASHOKLEY,13:40,10,6,4
ASHOKLEY,13:45,13,6,7
ASHOKLEY,13:50,6,3,3
ASHOKLEY,13:55,11,5,6
ASHOKLEY,14:00,3,1,2
ASHOKLEY,14:05,10,4,6
ASHOKLEY,14:10,13,4,9
ASHOKLEY,14:15,9,3,6
ASHOKLEY,14:20,13,7,6
ASHOKLEY,14:25,12,7,5
ASHOKLEY,14:30,9,6,3
ASHOKLEY,14:35,14,7,7
ASHOKLEY,14:40,7,3,4
ASHOKLEY,14:45,19,7,12
ASHOKLEY,14:50,14,10,4
ASHOKLEY,14:55,17,10,7
ASHOKLEY,15:00,3,1,2
ASHOKLEY,15:05,14,9,5
ASHOKLEY,15:10,13,5,8
ASHOKLEY,15:15,12,8,4
ASHOKLEY,15:20,4,2,2
ASHOKLEY,15:25,6,1,5
ICICIBANK,09:20,45,22,23
ICICIBANK,09:25,31,18,13
ICICIBANK,09:30,12,8,4
ICICIBANK,09:35,7,1,6
ICICIBANK,09:40,5,3,2
ICICIBANK,09:45,8,5,3
ICICIBANK,09:50,12,4,8
ICICIBANK,09:55,5,4,1
ICICIBANK,10:00,3,1,2
ICICIBANK,10:05,8,4,4
ICICIBANK,10:10,3,1,2
ICICIBANK,10:15,3,2,1
ICICIBANK,10:20,14,7,7
ICICIBANK,10:25,5,3,2
ICICIBANK,10:30,8,4,4
ICICIBANK,10:35,9,5,4
ICICIBANK,10:40,15,10,5
ICICIBANK,10:45,13,7,6
ICICIBANK,10:50,9,7,2
ICICIBANK,10:55,7,3,4
ICICIBANK,11:00,8,2,6
ICICIBANK,11:05,4,2,2
ICICIBANK,11:10,9,2,7
ICICIBANK,11:15,5,2,3
ICICIBANK,11:20,6,1,5
ICICIBANK,11:25,5,2,3
ICICIBANK,11:30,7,4,3
ICICIBANK,11:35,9,8,1
ICICIBANK,11:40,8,3,5
ICICIBANK,11:45,14,4,10
ICICIBANK,11:50,14,7,7
ICICIBANK,11:55,10,5,5
ICICIBANK,12:00,12,4,8
ICICIBANK,12:05,16,6,10
ICICIBANK,12:10,9,7,2
ICICIBANK,12:15,10,6,4
ICICIBANK,12:20,12,9,3
ICICIBANK,12:25,11,4,7
ICICIBANK,12:30,13,6,7
ICICIBANK,12:35,16,10,6
ICICIBANK,12:40,13,8,5
ICICIBANK,12:45,14,9,5
ICICIBANK,12:50,12,9,3
ICICIBANK,12:55,7,4,3
ICICIBANK,13:00,13,6,7
ICICIBANK,13:05,11,3,8
ICICIBANK,13:10,9,7,2
ICICIBANK,13:15,12,4,8
ICICIBANK,13:20,6,5,1
ICICIBANK,13:25,5,2,3
ICICIBANK,13:30,9,4,5
ICICIBANK,13:35,5,2,3
ICICIBANK,13:40,11,6,5
ICICIBANK,13:45,11,4,7
ICICIBANK,13:50,9,5,4
ICICIBANK,13:55,15,7,8
ICICIBANK,14:00,7,3,4
ICICIBANK,14:05,9,6,3
ICICIBANK,14:10,12,6,6
ICICIBANK,14:15,20,11,9
ICICIBANK,14:20,11,8,3
ICICIBANK,14:25,17,6,11
ICICIBANK,14:30,20,10,10
ICICIBANK,14:35,9,4,5
ICICIBANK,14:40,9,6,3
ICICIBANK,14:45,8,5,3
ICICIBANK,14:50,14,3,11
ICICIBANK,14:55,11,4,7
ICICIBANK,15:00,18,10,8
ICICIBANK,15:05,25,6,19
ICICIBANK,15:10,18,10,8
ICICIBANK,15:15,10,4,6
ICICIBANK,15:20,8,5,3
ICICIBANK,15:25,3,0,3
INFY,09:20,67,42,25
INFY,09:25,16,6,10
INFY,09:30,10,5,5
INFY,09:35,10,5,5
INFY,09:40,10,2,8
INFY,09:45,7,2,5
INFY,09:50,4,1,3
INFY,09:55,4,3,1
INFY,10:00,5,4,1
INFY,10:05,5,1,4
INFY,10:10,4,1,3
INFY,10:15,8,2,6
INFY,10:20,6,3,3
INFY,10:25,1,1,0
INFY,10:30,8,4,4
INFY,10:35,5,2,3
INFY,10:40,6,3,3
INFY,10:45,6,3,3
INFY,10:50,6,3,3
INFY,10:55,7,2,5
INFY,11:00,3,3,0
INFY,11:05,7,6,1
INFY,11:10,6,4,2
INFY,11:15,5,4,1
INFY,11:20,6,3,3
INFY,11:25,5,3,2
INFY,11:30,11,5,6
INFY,11:35,9,5,4
INFY,11:40,5,4,1
INFY,11:45,11,5,6
INFY,11:50,4,1,3
INFY,11:55,11,4,7
INFY,12:00,11,6,5
INFY,12:05,12,7,5
INFY,12:10,8,4,4
INFY,12:15,12,7,5
INFY,12:20,7,1,6
INFY,12:25,9,5,4
INFY,12:30,11,5,6
INFY,12:35,10,4,6
INFY,12:40,10,6,4
INFY,12:45,8,2,6
INFY,12:50,17,6,11
INFY,12:55,9,4,5
INFY,13:00,6,4,2
INFY,13:05,15,8,7
INFY,13:10,11,8,3
INFY,13:15,9,3,6
INFY,13:20,9,4,5
INFY,13:25,11,4,7
INFY,13:30,8,4,4
INFY,13:35,13,6,7
INFY,13:40,5,4,1
INFY,13:45,11,4,7
INFY,13:50,11,7,4
INFY,13:55,12,4,8
INFY,14:00,18,9,9
INFY,14:05,14,7,7
INFY,14:10,9,6,3
INFY,14:15,13,6,7
INFY,14:20,13,7,6
INFY,14:25,18,9,9
INFY,14:30,12,6,6
INFY,14:35,9,1,8
INFY,14:40,19,13,6
INFY,14:45,12,6,6
INFY,14:50,11,7,4
INFY,14:55,12,6,6
INFY,15:00,15,6,9
INFY,15:05,19,10,9
INFY,15:10,16,9,7
INFY,15:15,5,3,2
INFY,15:20,10,5,5
INFY,15:25,10,5,5
OLAELEC,09:20,32,16,16
OLAELEC,09:25,24,13,11
OLAELEC,09:30,25,15,10
OLAELEC,09:35,17,10,7
OLAELEC,09:40,8,0,8
OLAELEC,09:45,7,3,4
OLAELEC,09:50,8,6,2
OLAELEC,09:55,9,6,3
OLAELEC,10:00,11,1,10
OLAELEC,10:05,8,1,7
OLAELEC,10:10,13,5,8
OLAELEC,10:15,7,4,3
OLAELEC,10:20,5,3,2
OLAELEC,10:25,6,4,2
OLAELEC,10:30,5,3,2
OLAELEC,10:35,3,1,2
OLAELEC,10:40,2,1,1
OLAELEC,10:45,5,1,4
OLAELEC,10:50,14,4,10
OLAELEC,10:55,5,4,1
OLAELEC,11:00,8,2,6
OLAELEC,11:05,9,5,4
OLAELEC,11:10,7,2,5
OLAELEC,11:15,10,6,4
OLAELEC,11:20,5,4,1
OLAELEC,11:25,3,1,2
OLAELEC,11:30,5,3,2
OLAELEC,11:35,12,5,7
OLAELEC,11:40,10,5,5
OLAELEC,11:45,6,3,3
OLAELEC,11:50,12,6,6
OLAELEC,11:55,6,3,3
OLAELEC,12:00,6,3,3
OLAELEC,12:05,11,4,7
OLAELEC,12:10,12,6,6
OLAELEC,12:15,6,3,3
OLAELEC,12:20,7,5,2
OLAELEC,12:25,12,5,7
OLAELEC,12:30,8,2,6
OLAELEC,12:35,8,4,4
OLAELEC,12:40,15,10,5
OLAELEC,12:45,12,8,4
OLAELEC,12:50,10,3,7
OLAELEC,12:55,10,2,8
OLAELEC,13:00,6,6,0
OLAELEC,13:05,11,5,6
OLAELEC,13:10,4,3,1
OLAELEC,13:15,11,6,5
OLAELEC,13:20,9,6,3
OLAELEC,13:25,11,6,5
OLAELEC,13:30,11,4,7
OLAELEC,13:35,5,3,2
OLAELEC,13:40,9,4,5
OLAELEC,13:45,14,6,8
OLAELEC,13:50,11,5,6
OLAELEC,13:55,16,11,5
OLAELEC,14:00,13,4,9
OLAELEC,14:05,13,9,4
OLAELEC,14:10,14,7,7
OLAELEC,14:15,6,3,3
OLAELEC,14:20,11,3,8
OLAELEC,14:25,13,5,8
OLAELEC,14:30,9,4,5
OLAELEC,14:35,7,6,1
OLAELEC,14:40,12,4,8
OLAELEC,14:45,15,8,7
OLAELEC,14:50,15,10,5
OLAELEC,14:55,20,15,5
OLAELEC,15:00,20,14,6
OLAELEC,15:05,15,8,7
OLAELEC,15:10,15,7,8
OLAELEC,15:15,11,2,9
OLAELEC,15:20,11,3,8
OLAELEC,15:25,10,6,4
RELIANCE,09:20,49,27,22
RELIANCE,09:25,33,27,6
RELIANCE,09:30,21,8,13
RELIANCE,09:35,6,2,4
RELIANCE,09:40,9,4,5
RELIANCE,09:45,5,1,4
RELIANCE,09:50,9,3,6
RELIANCE,09:55,6,4,2
RELIANCE,10:00,5,4,1
RELIANCE,10:05,8,1,7
RELIANCE,10:10,3,3,0
RELIANCE,10:15,4,2,2
RELIANCE,10:20,9,8,1
RELIANCE,10:25,7,3,4
RELIANCE,10:30,9,1,8
RELIANCE,10:35,7,6,1
RELIANCE,10:40,9,4,5
RELIANCE,10:45,12,7,5
RELIANCE,10:50,9,4,5
RELIANCE,10:55,8,2,6
RELIANCE,11:00,8,4,4
RELIANCE,11:05,9,3,6
RELIANCE,11:10,4,3,1
RELIANCE,11:15,5,5,0
RELIANCE,11:20,8,4,4
RELIANCE,11:25,15,6,9
RELIANCE,11:30,10,6,4
RELIANCE,11:35,9,4,5
RELIANCE,11:40,6,3,3
RELIANCE,11:45,7,2,5
RELIANCE,11:50,5,2,3
RELIANCE,11:55,6,2,4
RELIANCE,12:00,8,6,2
RELIANCE,12:05,12,3,9
RELIANCE,12:10,14,8,6
RELIANCE,12:15,8,1,7
RELIANCE,12:20,12,4,8
RELIANCE,12:25,12,9,3
RELIANCE,12:30,11,5,6
RELIANCE,12:35,11,4,7
RELIANCE,12:40,13,10,3
RELIANCE,12:45,9,5,4
RELIANCE,12:50,9,7,2
RELIANCE,12:55,10,5,5
RELIANCE,13:00,14,7,7
RELIANCE,13:05,11,8,3
RELIANCE,13:10,10,6,4
RELIANCE,13:15,12,7,5
RELIANCE,13:20,10,2,8
RELIANCE,13:25,12,6,6
RELIANCE,13:30,8,1,7
RELIANCE,13:35,13,7,6
RELIANCE,13:40,15,8,7
RELIANCE,13:45,19,10,9
RELIANCE,13:50,9,5,4
RELIANCE,13:55,17,6,11
RELIANCE,14:00,12,5,7
RELIANCE,14:05,13,7,6
RELIANCE,14:10,11,4,7
RELIANCE,14:15,11,6,5
RELIANCE,14:20,10,5,5
RELIANCE,14:25,12,6,6
RELIANCE,14:30,12,2,10
RELIANCE,14:35,13,7,6
RELIANCE,14:40,14,6,8
RELIANCE,14:45,19,9,10
RELIANCE,14:50,14,5,9
RELIANCE,14:55,11,8,3
RELIANCE,15:00,10,4,6
RELIANCE,15:05,12,6,6
RELIANCE,15:10,16,7,9
RELIANCE,15:15,11,4,7
RELIANCE,15:20,11,8,3
RELIANCE,15:25,8,5,3
SUZLON,09:20,35,24,11
SUZLON,09:25,24,12,12
SUZLON,09:30,18,11,7
SUZLON,09:35,15,8,7
SUZLON,09:40,7,3,4
SUZLON,09:45,11,3,8
SUZLON,09:50,4,1,3
SUZLON,09:55,8,2,6
SUZLON,10:00,4,2,2
SUZLON,10:05,6,4,2
SUZLON,10:10,5,1,4
SUZLON,10:15,9,3,6
SUZLON,10:20,11,4,7
SUZLON,10:25,8,4,4
SUZLON,10:30,7,6,1
SUZLON,10:35,10,4,6
SUZLON,10:40,10,3,7
SUZLON,10:45,11,5,6
SUZLON,10:50,8,3,5
SUZLON,10:55,9,6,3
SUZLON,11:00,11,4,7
SUZLON,11:05,14,4,10
SUZLON,11:10,4,2,2
SUZLON,11:15,8,3,5
SUZLON,11:20,5,2,3
SUZLON,11:25,10,4,6
SUZLON,11:30,13,8,5
SUZLON,11:35,5,2,3
SUZLON,11:40,11,7,4
SUZLON,11:45,12,4,8
SUZLON,11:50,9,6,3
SUZLON,11:55,4,3,1
SUZLON,12:00,7,3,4
SUZLON,12:05,5,0,5
SUZLON,12:10,11,6,5
SUZLON,12:15,8,3,5
SUZLON,12:20,8,6,2
SUZLON,12:25,10,4,6
SUZLON,12:30,14,10,4
SUZLON,12:35,10,4,6
SUZLON,12:40,4,2,2
SUZLON,12:45,7,1,6
SUZLON,12:50,11,7,4
SUZLON,12:55,9,6,3
SUZLON,13:00,10,5,5
SUZLON,13:05,13,7,6
SUZLON,13:10,4,2,2
SUZLON,13:15,11,4,7
SUZLON,13:20,7,2,5
SUZLON,13:25,9,4,5
SUZLON,13:30,6,3,3
SUZLON,13:35,6,2,4
SUZLON,13:40,11,4,7
SUZLON,13:45,10,6,4
SUZLON,13:50,12,3,9
SUZLON,13:55,9,4,5
SUZLON,14:00,14,6,8
SUZLON,14:05,8,4,4
SUZLON,14:10,7,1,6
SUZLON,14:15,8,4,4
SUZLON,14:20,7,5,2
SUZLON,14:25,14,9,5
SUZLON,14:30,6,3,3
SUZLON,14:35,8,5,3
SUZLON,14:40,7,5,2
SUZLON,14:45,15,9,6
SUZLON,14:50,12,8,4
SUZLON,14:55,10,6,4
SUZLON,15:00,11,8,3
SUZLON,15:05,23,13,10
SUZLON,15:10,16,11,5
SUZLON,15:15,12,7,5
SUZLON,15:20,12,6,6
SUZLON,15:25,10,3,7
TMPV,09:20,56,35,21
TMPV,09:25,11,3,8
TMPV,09:30,14,10,4
TMPV,09:35,5,3,2
TMPV,09:40,13,3,10
TMPV,09:45,6,1,5
TMPV,09:50,12,4,8
TMPV,09:55,4,3,1
TMPV,10:00,5,2,3
TMPV,10:05,6,3,3
TMPV,10:10,7,2,5
TMPV,10:15,6,2,4
TMPV,10:20,6,4,2
TMPV,10:25,5,1,4
TMPV,10:30,4,1,3
TMPV,10:35,3,1,2
TMPV,10:40,8,6,2
TMPV,10:45,9,4,5
TMPV,10:50,7,3,4
TMPV,10:55,8,1,7
TMPV,11:00,8,5,3
TMPV,11:05,11,3,8
TMPV,11:10,4,1,3
TMPV,11:15,2,1,1
TMPV,11:20,10,5,5
TMPV,11:25,8,4,4
TMPV,11:30,7,4,3
TMPV,11:35,10,4,6
TMPV,11:40,12,6,6
TMPV,11:45,9,4,5
TMPV,11:50,9,3,6
TMPV,11:55,10,6,4
TMPV,12:00,9,6,3
TMPV,12:05,10,5,5
TMPV,12:10,10,8,2
TMPV,12:15,7,5,2
TMPV,12:20,8,3,5
TMPV,12:25,5,1,4
TMPV,12:30,13,7,6
TMPV,12:35,10,6,4
TMPV,12:40,11,6,5
TMPV,12:45,11,5,6
TMPV,12:50,7,4,3
TMPV,12:55,12,4,8
TMPV,13:00,7,5,2
TMPV,13:05,7,4,3
TMPV,13:10,12,7,5
TMPV,13:15,11,6,5
TMPV,13:20,14,6,8
TMPV,13:25,6,3,3
TMPV,13:30,13,7,6
TMPV,13:35,9,6,3
TMPV,13:40,4,3,1
TMPV,13:45,8,3,5
TMPV,13:50,9,4,5
TMPV,13:55,10,4,6
TMPV,14:00,16,9,7
TMPV,14:05,10,2,8
TMPV,14:10,14,4,10
TMPV,14:15,11,6,5
TMPV,14:20,6,0,6
TMPV,14:25,11,8,3
TMPV,14:30,10,6,4
TMPV,14:35,10,3,7
TMPV,14:40,10,3,7
TMPV,14:45,10,6,4
TMPV,14:50,5,4,1
TMPV,14:55,8,8,0
TMPV,15:00,16,9,7
TMPV,15:05,15,7,8
TMPV,15:10,13,6,7
TMPV,15:15,6,2,4
TMPV,15:20,16,9,7
TMPV,15:25,11,8,3
