sl_mode,target_r,symbol,trades,total_net_r,avg_net_r,profit_factor,win_rate_pct,stop_loss,target,end_of_day,avg_mfe_r,avg_mae_r
ATR_14_X1,1.0,ASHOKLEY,775,-1086.0195496097776,-1.4013155478835841,0.030743525665235492,18.193548387096776,468,292,15,0.7570616209165681,1.0878882970113914
ATR_14_X1,1.0,ICICIBANK,811,-1807.1418689476716,-2.228288371082209,0.0021769083348030407,2.8360049321824907,587,213,11,0.532112222338558,1.1804644800543425
ATR_14_X1,1.0,INFY,758,-1411.7659672462214,-1.8624880834382869,0.009449606011588665,8.179419525065963,515,228,15,0.6189108038251347,1.1646858491139283
ATR_14_X1,1.0,OLAELEC,772,-722.7525709067841,-0.93620799340257,0.1348891514734693,32.512953367875646,461,294,17,0.8555934345352585,1.068813798082544
ATR_14_X1,1.0,RELIANCE,819,-1647.7680649213414,-2.011926819195777,0.004524117239514422,4.517704517704518,535,265,19,0.6474952292668833,1.1224015535940617
ATR_14_X1,1.0,SUZLON,738,-1061.2634051101995,-1.4380262941872621,0.029506964019734596,17.208672086720867,454,266,18,0.7172741024909222,1.103623633118047
ATR_14_X1,1.0,TMPV,716,-1166.9438911914863,-1.629809903898724,0.014746477427746627,11.731843575418994,449,250,17,0.6863425323740632,1.1057596355134531
ATR_14_X1,1.25,ASHOKLEY,775,-1080.1707319365382,-1.3937686863697267,0.06055905436807832,23.096774193548384,497,261,17,0.8070488925076986,1.1196667889670293
ATR_14_X1,1.25,ICICIBANK,811,-1804.6509401210428,-2.225216942196107,0.0068484764184975145,6.165228113440198,609,189,13,0.5726652181349687,1.202324143938045
ATR_14_X1,1.25,INFY,758,-1390.3239961669724,-1.834200522647721,0.022697284971903858,12.796833773087071,530,211,17,0.6801820114131002,1.181017760853523
ATR_14_X1,1.25,OLAELEC,772,-711.4811509876192,-0.9216077085331855,0.18462845855030519,32.64248704663213,488,265,19,0.9388886822624871,1.1163257697376712
ATR_14_X1,1.25,RELIANCE,819,-1647.8143705771017,-2.0119833584579996,0.012644494218378577,9.035409035409035,564,233,22,0.6960267997324459,1.1471435771749512
ATR_14_X1,1.25,SUZLON,738,-1046.826443905232,-1.4184640161317508,0.0584143920481729,22.76422764227642,475,241,22,0.7917015936620933,1.146849524350045
ATR_14_X1,1.25,TMPV,716,-1157.0539390331755,-1.6159971215547144,0.03336641054247667,16.899441340782122,471,225,20,0.7579821283618997,1.1294788076358417
ATR_14_X1,1.5,ASHOKLEY,775,-1105.1259198397881,-1.425968928825533,0.0865319158568134,24.903225806451612,532,223,20,0.8684731828020956,1.1598052674007269
ATR_14_X1,1.5,ICICIBANK,811,-1799.6690714939245,-2.219074070892632,0.014823872853396966,10.234278668310727,625,171,15,0.6127322935531402,1.2186851142409894
ATR_14_X1,1.5,INFY,758,-1395.9299327965819,-1.8415962174097387,0.038413331805555624,16.094986807387862,552,186,20,0.7299316392402212,1.20644774192019
ATR_14_X1,1.5,OLAELEC,772,-697.8250607100227,-0.9039184724223093,0.22585464159732105,30.958549222797927,507,240,25,0.9916988062969555,1.145504346567803
ATR_14_X1,1.5,RELIANCE,819,-1661.4679555787247,-2.0286544024160253,0.022128407962413412,11.965811965811966,589,196,34,0.7518193531517443,1.1697589602595115
ATR_14_X1,1.5,SUZLON,738,-1037.6092912268534,-1.40597464935888,0.08867263820420444,24.796747967479675,494,219,25,0.8569143129349398,1.1713675345746783
ATR_14_X1,1.5,TMPV,716,-1128.6705687370413,-1.5763555429288287,0.05789305017403881,20.949720670391063,481,211,24,0.8409838101844784,1.143309813897673
ATR_14_X1,1.75,ASHOKLEY,775,-1112.4858102946503,-1.4354655616705165,0.11063770149725044,24.129032258064516,553,198,24,0.9355064569480754,1.1820312844030518
ATR_14_X1,1.75,ICICIBANK,811,-1795.9625284246886,-2.214503734185806,0.02580963613485025,12.20715166461159,638,154,19,0.6519310530526706,1.2325412687615125
ATR_14_X1,1.75,INFY,758,-1380.667779923165,-1.8214614510859697,0.057548314360170244,18.073878627968337,562,173,23,0.7740353672160409,1.2199574000091356
ATR_14_X1,1.75,OLAELEC,772,-674.423561439261,-0.8736056495327215,0.2686969914777174,29.404145077720205,519,223,30,1.066164810428896,1.1637599402237966
ATR_14_X1,1.75,RELIANCE,819,-1660.6273338509736,-2.027628002260041,0.03503310594058636,14.652014652014653,605,177,37,0.7975076141953018,1.1904031198556175
ATR_14_X1,1.75,SUZLON,738,-1055.8342201506277,-1.4306696750008505,0.110077644685395,23.983739837398375,519,190,29,0.9030114531906634,1.2111077722600232
ATR_14_X1,1.75,TMPV,716,-1130.9313572426122,-1.579513068774598,0.07978429716629515,23.044692737430168,498,187,31,0.8945879454383904,1.1734493293828476
ATR_14_X1,2.0,ASHOKLEY,775,-1114.109517266208,-1.4375606674402686,0.1327156961151961,22.967741935483872,570,180,25,0.9851087703167148,1.205809144292896
ATR_14_X1,2.0,ICICIBANK,811,-1787.4847092073987,-2.204050196309986,0.03697621528907255,13.563501849568436,646,142,23,0.6966672739838977,1.2397601474414865
ATR_14_X1,2.0,INFY,758,-1370.050120032191,-1.8074539842113337,0.07487926336486124,18.601583113456467,571,160,27,0.8235533159007326,1.2299873503672583
ATR_14_X1,2.0,OLAELEC,772,-654.082766832147,-0.8472574699898276,0.30212571699200025,27.849740932642487,527,207,38,1.1292885217980346,1.176690676269152
ATR_14_X1,2.0,RELIANCE,819,-1670.2715171568677,-2.0394035618520974,0.046219959034664755,15.262515262515263,621,156,42,0.8468618266999273,1.2109150358752163
ATR_14_X1,2.0,SUZLON,738,-1059.062376996056,-1.4350438712683684,0.13092429277056078,23.441734417344172,534,172,32,0.9481389442962054,1.234605829734393
ATR_14_X1,2.0,TMPV,716,-1120.7180258154976,-1.5652486394071197,0.10194079331142161,23.044692737430168,507,172,37,0.9443730003406866,1.1853296456901228
ATR_14_X1,2.25,ASHOKLEY,775,-1100.4944681060733,-1.4199928620723528,0.15449257860323395,21.935483870967744,578,168,29,1.0359100026530785,1.2148997019483179
ATR_14_X1,2.25,ICICIBANK,811,-1793.2087306271694,-2.211108175865807,0.04756230503480156,13.686806411837239,658,127,26,0.7298205654121509,1.2522740036101792
ATR_14_X1,2.25,INFY,758,-1366.7897433488072,-1.8031526957108275,0.09033142843443653,17.810026385224276,578,143,37,0.8697705170888698,1.2374929586810564
ATR_14_X1,2.25,OLAELEC,772,-638.4299688238009,-0.8269818249012965,0.3293247806893398,26.683937823834196,535,192,45,1.1910873656489431,1.2019288407306998
ATR_14_X1,2.25,RELIANCE,819,-1666.4109817788285,-2.034689843441793,0.05868450846908338,15.14041514041514,630,142,47,0.883800556386856,1.2199112715107796
ATR_14_X1,2.25,SUZLON,738,-1059.8377907802985,-1.436094567452979,0.14734263482174645,21.81571815718157,546,158,34,0.9932077757150226,1.2451537994409245
ATR_14_X1,2.25,TMPV,716,-1133.1234917938982,-1.582574709209355,0.11458909129893917,21.22905027932961,521,150,45,0.9891430919704126,1.2045585509441943
ATR_14_X1,2.5,ASHOKLEY,775,-1105.6209233209381,-1.426607642994759,0.16655601070851575,20.258064516129032,588,151,36,1.069885801764703,1.2480707633601649
ATR_14_X1,2.5,ICICIBANK,811,-1800.6433399522589,-2.220275388350504,0.05320705811596406,13.070283600493218,664,111,36,0.7515788535962105,1.259372400682066
ATR_14_X1,2.5,INFY,758,-1368.7294215091797,-1.8057116378749072,0.0997077631113567,16.75461741424802,587,129,42,0.9086041715242203,1.251183498535994
ATR_14_X1,2.5,OLAELEC,772,-630.870090309025,-0.8171892361515869,0.34782271669160586,25.38860103626943,545,178,49,1.2441005278227542,1.2222264615723784
ATR_14_X1,2.5,RELIANCE,819,-1668.3184798899867,-2.0370189009645747,0.07028372924208376,14.652014652014653,640,131,48,0.9159334357034995,1.2268975128573654
ATR_14_X1,2.5,SUZLON,738,-1049.6111298847395,-1.4222373033668556,0.1663617161245085,20.73170731707317,552,147,39,1.027177728387793,1.2524741529994725
ATR_14_X1,2.5,TMPV,716,-1123.6948461505033,-1.5694062097074069,0.13157470181522515,20.53072625698324,527,137,52,1.0184707175280152,1.2120634959513779
ATR_14_X1,2.75,ASHOKLEY,775,-1084.245192056688,-1.3990260542666941,0.1876266361303492,19.741935483870968,592,145,38,1.1106643704282289,1.2513377033291908
ATR_14_X1,2.75,ICICIBANK,811,-1813.7596621905245,-2.2364484120721633,0.058306934812097075,12.20715166461159,673,98,40,0.7807158160833104,1.2704065900341246
ATR_14_X1,2.75,INFY,758,-1345.7925968171821,-1.7754519746928523,0.11579298386556662,17.282321899736147,588,124,46,0.941169014410959,1.251639539449379
ATR_14_X1,2.75,OLAELEC,772,-613.7023136222956,-0.7949511834485694,0.37072831383351845,24.61139896373057,550,165,57,1.287673244747161,1.227697690117831
ATR_14_X1,2.75,RELIANCE,819,-1670.2575546601952,-2.039386513626612,0.07866705791268747,14.407814407814406,647,117,55,0.9442908926083481,1.234171664433821
ATR_14_X1,2.75,SUZLON,738,-1034.5053077526447,-1.4017687096919305,0.1830345475560073,20.18970189701897,556,138,44,1.0683544168136747,1.2600110204748125
ATR_14_X1,2.75,TMPV,716,-1121.2672956811489,-1.56601577609099,0.14453303238419818,19.692737430167597,534,125,57,1.0647713321357866,1.2213146913648822
ATR_14_X1,3.0,ASHOKLEY,775,-1064.803689306718,-1.373940244266733,0.20573590396808047,19.35483870967742,595,138,42,1.1427179945578954,1.2567005431930336
ATR_14_X1,3.0,ICICIBANK,811,-1820.6916689739332,-2.2449958926928892,0.06465301617425097,11.344019728729963,679,88,44,0.8057735880595812,1.2758896210544326
ATR_14_X1,3.0,INFY,758,-1344.6192138409042,-1.7739039760434092,0.12346087266860171,16.490765171503956,592,112,54,0.9837779413658337,1.2580028300730846
ATR_14_X1,3.0,OLAELEC,772,-626.4734685842362,-0.8114941302904615,0.3720460587927867,23.05699481865285,562,149,61,1.3416173256209065,1.2467541522904397
ATR_14_X1,3.0,RELIANCE,819,-1668.568215175008,-2.0373238280525126,0.08567806523015971,13.675213675213676,651,106,62,0.9717013994287728,1.2418771481673825
ATR_14_X1,3.0,SUZLON,738,-1047.7667021255652,-1.4197380787609284,0.18670216150633956,18.56368563685637,564,122,52,1.1092088887841058,1.2745232960843889
ATR_14_X1,3.0,TMPV,716,-1116.3306139643585,-1.5591209692239643,0.15507231463738066,18.575418994413408,538,114,64,1.0901057664542875,1.2262454878797784
ATR_14_X1_5,1.0,ASHOKLEY,775,-700.7869377702468,-0.9042412100261249,0.11597911803011457,33.935483870967744,411,320,44,0.7353665213384227,0.9570114656827592
ATR_14_X1_5,1.0,ICICIBANK,811,-1171.1710260727598,-1.4441073071180761,0.021880252975963948,14.549938347718866,483,275,53,0.5861365561929867,1.0065427866694103
ATR_14_X1_5,1.0,INFY,758,-914.2506604502568,-1.2061354359502068,0.049746130977148834,21.503957783641162,437,275,46,0.654688147383002,0.9595350664177345
ATR_14_X1_5,1.0,OLAELEC,772,-450.4887593925064,-0.5835346624255264,0.2817711004730716,41.19170984455959,402,324,46,0.8305472662297986,0.973836791888998
ATR_14_X1_5,1.0,RELIANCE,819,-1102.4073543130035,-1.346040725656903,0.0304098999396846,16.971916971916972,467,286,66,0.6376035813005113,0.9506104621709678
ATR_14_X1_5,1.0,SUZLON,738,-664.6931115094999,-0.9006681727771001,0.12329846058680194,34.68834688346883,386,307,45,0.7261719272371748,0.9372625335249137
ATR_14_X1_5,1.0,TMPV,716,-738.1753725221212,-1.0309711906733536,0.07921980169504816,28.77094972067039,378,290,48,0.7142727309840374,0.9222886589160256
ATR_14_X1_5,1.25,ASHOKLEY,775,-713.7729213346115,-0.9209973178511116,0.16214314853124814,33.03225806451613,445,270,60,0.8242027123681721,0.993521683259313
ATR_14_X1_5,1.25,ICICIBANK,811,-1156.8140290754536,-1.4264044748156024,0.04818980148250805,20.34525277435265,502,241,68,0.6482223970714054,1.0265426591106452
ATR_14_X1_5,1.25,INFY,758,-896.0353190962282,-1.1821046426071613,0.08913724928264821,26.912928759894463,456,248,54,0.7251429052643682,0.9814703302847501
ATR_14_X1_5,1.25,OLAELEC,772,-422.9376243434499,-0.5478466636573185,0.35615507779462824,38.47150259067357,420,291,61,0.936237020642441,0.9974289114136499
ATR_14_X1_5,1.25,RELIANCE,819,-1107.1934669491022,-1.3518845750294288,0.05577584712869527,20.87912087912088,497,245,77,0.7045010135725297,0.9810767230612712
ATR_14_X1_5,1.25,SUZLON,738,-685.9440997191982,-0.9294635497550111,0.16674373895861355,34.28184281842818,426,257,55,0.7983442256734391,0.9868574040366562
ATR_14_X1_5,1.25,TMPV,716,-733.433676114344,-1.024348709656905,0.12423395185994661,32.262569832402235,402,248,66,0.7879898771551815,0.9531575061333202
ATR_14_X1_5,1.5,ASHOKLEY,775,-709.9002903002138,-0.916000374580921,0.20291409020760853,31.35483870967742,462,238,75,0.895153885799851,1.0415448074701248
ATR_14_X1_5,1.5,ICICIBANK,811,-1165.479992823341,-1.4370900034813083,0.0715299288263417,22.318125770653513,521,203,87,0.7112459509571618,1.045030055958985
ATR_14_X1_5,1.5,INFY,758,-886.3913942427022,-1.169381786599871,0.12258162250068592,26.2532981530343,468,214,76,0.7886939356461271,0.9934547504648451
ATR_14_X1_5,1.5,OLAELEC,772,-409.43879027896014,-0.5303611273043525,0.4032883301574831,35.62176165803109,438,261,73,1.0095911412006455,1.0398340286439267
ATR_14_X1_5,1.5,RELIANCE,819,-1124.6995783946672,-1.3732595584794471,0.0780374350626895,21.978021978021978,521,204,94,0.7665755801261372,1.006966164207054
ATR_14_X1_5,1.5,SUZLON,738,-679.7174687396121,-0.9210263804059784,0.2076880595828291,31.978319783197833,446,232,60,0.8687688916690144,1.0087412559322395
ATR_14_X1_5,1.5,TMPV,716,-748.2540405989528,-1.0450475427359676,0.15279173122452852,29.608938547486037,425,207,84,0.8543084700144271,0.9827610972676902
ATR_14_X1_5,1.75,ASHOKLEY,775,-701.4523182502514,-0.9050997654841954,0.2355708879594109,29.03225806451613,474,212,89,0.9452484762941731,1.0694939529294891
ATR_14_X1_5,1.75,ICICIBANK,811,-1175.03048266441,-1.4488661931743652,0.08761716705422506,20.838471023427868,535,170,106,0.7563073492858803,1.0622028783031663
ATR_14_X1_5,1.75,INFY,758,-876.591877714882,-1.1564536645315067,0.14983671805057477,25.32981530343008,479,191,88,0.8414358006895647,1.0062629349098384
ATR_14_X1_5,1.75,OLAELEC,772,-387.51530769139544,-0.5019628337971443,0.44781779734548655,33.93782383419689,449,236,87,1.0810312494986203,1.059233123796698
ATR_14_X1_5,1.75,RELIANCE,819,-1129.479779933657,-1.3790961903951857,0.10105747671025755,21.123321123321123,537,179,103,0.8165178169973081,1.0232322520760464
ATR_14_X1_5,1.75,SUZLON,738,-657.5191913211847,-0.8909474137143425,0.2479991325285825,30.89430894308943,454,211,73,0.9332659705500931,1.020624158468254
ATR_14_X1_5,1.75,TMPV,716,-745.0293219259753,-1.0405437457066693,0.17934157545874588,27.51396648044693,436,176,104,0.9044079327645985,0.9961329332153507
ATR_14_X1_5,2.0,ASHOKLEY,775,-686.0860883265268,-0.8852723720342281,0.26591987814072365,27.741935483870968,482,189,104,0.9958357792029182,1.0770806798255244
ATR_14_X1_5,2.0,ICICIBANK,811,-1181.738917537445,-1.4571379994296487,0.10433214404209804,19.235511713933416,546,149,116,0.7988010948443751,1.0753123619092786
ATR_14_X1_5,2.0,INFY,758,-864.6863575082773,-1.1407471734937695,0.17034915699621375,24.142480211081793,482,165,111,0.8951433979318164,1.0125399509281272
ATR_14_X1_5,2.0,OLAELEC,772,-397.1013651905123,-0.5143800067234615,0.4570024475043574,31.34715025906736,466,205,101,1.147077932130686,1.081559850781869
ATR_14_X1_5,2.0,RELIANCE,819,-1140.3928515140824,-1.3924210641197587,0.11245308825187862,19.047619047619047,548,148,123,0.8505576407525833,1.0355636039603202
ATR_14_X1_5,2.0,SUZLON,738,-658.4082611297365,-0.8921521153519465,0.2681471051483062,28.455284552845526,465,184,89,0.9914617945491576,1.0359200778573547
ATR_14_X1_5,2.0,TMPV,716,-737.5645390135273,-1.0301180712479432,0.20015119245079954,25.837988826815643,442,153,121,0.9477300132957328,1.0061817401448356
ATR_14_X1_5,2.25,ASHOKLEY,775,-699.5784213759509,-0.9026818340334851,0.26989593192194367,25.548387096774196,489,157,129,1.041338230991507,1.0891199536657554
ATR_14_X1_5,2.25,ICICIBANK,811,-1167.3594141411304,-1.439407415710395,0.12162851153356181,18.618988902589393,550,133,128,0.8353692483541006,1.0806388551941495
ATR_14_X1_5,2.25,INFY,758,-868.6198695737536,-1.1459365033954534,0.1856114378237515,22.691292875989447,491,143,124,0.9337409939352134,1.0213644976815042
ATR_14_X1_5,2.25,OLAELEC,772,-390.502137547976,-0.50583178438857,0.4757606965569511,30.310880829015545,474,179,119,1.209384525968876,1.0995154680077979
ATR_14_X1_5,2.25,RELIANCE,819,-1160.9728476252003,-1.4175492644996341,0.11791008505973227,17.094017094017094,561,124,134,0.8838561162251204,1.0456495380671713
ATR_14_X1_5,2.25,SUZLON,738,-654.6376337569939,-0.8870428641693684,0.2842713590080436,26.693766937669377,470,159,109,1.039522543338646,1.0432362497754908
ATR_14_X1_5,2.25,TMPV,716,-722.3345277842297,-1.0088471058438964,0.2250799289989922,24.860335195530723,446,141,129,1.0057970504106333,1.0121944463480954
ATR_14_X1_5,2.5,ASHOKLEY,775,-687.9927243106556,-0.8877325474976201,0.2866430800480838,24.64516129032258,491,138,146,1.072460661406246,1.0925370241814105
ATR_14_X1_5,2.5,ICICIBANK,811,-1175.709753654139,-1.4497037652948692,0.12687264162471174,17.13933415536375,556,111,144,0.8644078604250741,1.0855027825940797
ATR_14_X1_5,2.5,INFY,758,-877.2419409638946,-1.157311267762394,0.18863936769411047,21.372031662269126,497,118,143,0.9749044333665909,1.026393867637359
ATR_14_X1_5,2.5,OLAELEC,772,-374.8980440409306,-0.4856192280322935,0.5027244043528161,29.404145077720205,479,166,127,1.2478098758960854,1.1067196648631399
ATR_14_X1_5,2.5,RELIANCE,819,-1158.4641363582796,-1.4144861249795844,0.1255953627084309,15.995115995115993,564,107,148,0.9133447904061519,1.0497565543493528
ATR_14_X1_5,2.5,SUZLON,738,-639.7845171522486,-0.8669166899081959,0.304689547945243,26.01626016260163,473,142,123,1.074217909438812,1.0504892824785497
ATR_14_X1_5,2.5,TMPV,716,-718.2571188148426,-1.003152400579389,0.2392418879252742,23.743016759776538,452,125,139,1.056600941052077,1.0167838655996566
ATR_14_X1_5,2.75,ASHOKLEY,775,-679.7571904529204,-0.8771060521973167,0.2981689862334092,23.870967741935484,492,120,163,1.1053346475401207,1.0937453744894239
ATR_14_X1_5,2.75,ICICIBANK,811,-1164.7048727065544,-1.4361342450142471,0.13804176621853073,16.52281134401973,556,98,157,0.8966576920208298,1.0857728675023315
ATR_14_X1_5,2.75,INFY,758,-893.4218296270568,-1.1786567673180168,0.18523350653513457,20.052770448548813,502,96,160,0.999081323427427,1.0336728410898135
ATR_14_X1_5,2.75,OLAELEC,772,-390.19299797672653,-0.5054313445294385,0.4936029576278086,27.590673575129532,490,145,137,1.279316577682705,1.122830014176691
ATR_14_X1_5,2.75,RELIANCE,819,-1156.614925780148,-1.4122282366057974,0.1329172515819679,15.262515262515263,568,95,156,0.9362134566247223,1.0532069405318731
ATR_14_X1_5,2.75,SUZLON,738,-638.0638556639092,-0.8645851702762997,0.3132397025344871,25.067750677506773,476,126,136,1.113532960639029,1.0540005569989677
ATR_14_X1_5,2.75,TMPV,716,-705.7572354716356,-0.9856944629492117,0.256926433256901,23.18435754189944,455,116,145,1.0926210602078021,1.021021697337373
ATR_14_X1_5,3.0,ASHOKLEY,775,-679.1018928430956,-0.8762605068943169,0.3043640310013385,23.096774193548384,495,104,176,1.1395376409972207,1.1002550601446148
ATR_14_X1_5,3.0,ICICIBANK,811,-1169.5553563461879,-1.442115112634017,0.13852861058746974,15.906288532675708,559,81,171,0.9162551335966568,1.089723367121898
ATR_14_X1_5,3.0,INFY,758,-889.7364651922618,-1.1737948089607675,0.19135898263799223,19.788918205804748,503,83,172,1.0182366315858333,1.0341881182293469
ATR_14_X1_5,3.0,OLAELEC,772,-371.2785498221163,-0.4809307640182854,0.5202182529346493,27.202072538860104,492,138,142,1.305433480791099,1.1253566435945086
ATR_14_X1_5,3.0,RELIANCE,819,-1151.8105320079062,-1.4063620659437195,0.1413783589346601,14.652014652014653,571,86,162,0.9600580625224306,1.0560009050611334
ATR_14_X1_5,3.0,SUZLON,738,-631.6592700034853,-0.8559068699234218,0.3227519162904672,24.661246612466126,477,109,152,1.1479637338047823,1.0563695870287622
ATR_14_X1_5,3.0,TMPV,716,-688.6350523882401,-0.9617807994249163,0.27540397525465393,22.905027932960895,455,110,151,1.1188221406682717,1.022603330639358
ATR_14_X2,1.0,ASHOKLEY,775,-536.1504183740765,-0.6918069914504212,0.19673977181477023,37.806451612903224,369,300,106,0.703833876207287,0.8788144377988717
ATR_14_X2,1.0,ICICIBANK,811,-885.1200365128161,-1.0913933865756056,0.06007310286883642,24.167694204685574,436,272,103,0.591422208079472,0.8999387666154244
ATR_14_X2,1.0,INFY,758,-651.3495005546522,-0.8593001326578525,0.11955565062656635,32.849604221635886,371,290,97,0.6463090312773273,0.8647379115709849
ATR_14_X2,1.0,OLAELEC,772,-305.4260928840616,-0.3956296539948984,0.4135212448339129,43.652849740932645,346,326,100,0.8188461937550127,0.8709858471097943
ATR_14_X2,1.0,RELIANCE,819,-814.7310846440541,-0.9947876491380392,0.07629379106438101,26.73992673992674,407,289,123,0.6515646884933342,0.8806387171077044
ATR_14_X2,1.0,SUZLON,738,-515.2971007619681,-0.6982345538780055,0.2024927827882567,39.15989159891599,363,290,85,0.6875259147996245,0.8725708165605247
ATR_14_X2,1.0,TMPV,716,-553.6697898785185,-0.7732818294392716,0.15281216545439125,36.312849162011176,339,275,102,0.6815984237354632,0.8403901102310578
ATR_14_X2,1.25,ASHOKLEY,775,-530.2373276281069,-0.6841771969394927,0.24638704005969966,34.58064516129033,384,249,142,0.7760514665606705,0.9230584829635653
ATR_14_X2,1.25,ICICIBANK,811,-890.7688306369595,-1.0983586074438465,0.09366402930289824,26.017262638717632,457,223,131,0.6503972753666328,0.9243982582591556
ATR_14_X2,1.25,INFY,758,-657.9106921863192,-0.8679560582932971,0.15962997884008562,29.551451187335093,391,232,135,0.7212090319385134,0.8858932421672516
ATR_14_X2,1.25,OLAELEC,772,-292.48455117335067,-0.3788659989292107,0.47217124604552996,40.15544041450777,369,283,120,0.905964929017707,0.9171215455342586
ATR_14_X2,1.25,RELIANCE,819,-810.6410629988517,-0.9897937277153256,0.11755468005777085,27.96092796092796,427,245,147,0.7180883886219976,0.9054463880950829
ATR_14_X2,1.25,SUZLON,738,-493.6340522932767,-0.6688808296656865,0.2679081055240735,36.856368563685635,378,258,102,0.7728279792365278,0.898214092263325
ATR_14_X2,1.25,TMPV,716,-563.8970790780875,-0.7875657529023568,0.1899510643735888,32.82122905027933,362,217,137,0.7475036171845392,0.8713179302979074
ATR_14_X2,1.5,ASHOKLEY,775,-521.4494686328788,-0.6728380240424243,0.28488301846124225,31.74193548387097,396,210,169,0.8338280481209819,0.9347240046467525
ATR_14_X2,1.5,ICICIBANK,811,-902.307063919874,-1.1125857754868977,0.11809995994827517,23.181257706535142,470,181,160,0.7039748783213731,0.9436432025929236
ATR_14_X2,1.5,INFY,758,-645.8853305927105,-0.8520914651618872,0.1918813129977266,27.83641160949868,397,193,168,0.7783615321906556,0.8922661151590019
ATR_14_X2,1.5,OLAELEC,772,-293.1819522860112,-0.3797693682461285,0.4963162330230057,36.917098445595855,386,236,150,0.9813365973813926,0.9395189250386579
ATR_14_X2,1.5,RELIANCE,819,-810.8350307370282,-0.990030562560474,0.14559560665509377,25.64102564102564,439,200,180,0.7734256881448384,0.9203277835221044
ATR_14_X2,1.5,SUZLON,738,-491.95144558196796,-0.6666008747723143,0.30211728368280544,33.46883468834688,391,217,130,0.8452284040564557,0.9200391604156957
ATR_14_X2,1.5,TMPV,716,-558.8844202804,-0.7805648327938548,0.22116337494680322,30.307262569832403,372,179,165,0.8079187433521028,0.8868595026926834
ATR_14_X2,1.75,ASHOKLEY,775,-525.9404232561503,-0.6786328042014843,0.29924119292754353,29.29032258064516,404,173,198,0.8860251955777113,0.9479717969067817
ATR_14_X2,1.75,ICICIBANK,811,-890.9763044001747,-1.0986144320594016,0.13998683326979375,21.701602959309493,475,150,186,0.7416142515607912,0.9480143707879116
ATR_14_X2,1.75,INFY,758,-653.6397842665422,-0.8623216151273644,0.206779883837931,25.593667546174142,407,153,198,0.8244759733129063,0.9017760435352031
ATR_14_X2,1.75,OLAELEC,772,-285.0885360991161,-0.3692856685221711,0.5238413985930841,35.233160621761655,396,201,175,1.0434525408743305,0.9585846656469176
ATR_14_X2,1.75,RELIANCE,819,-826.725951495768,-1.0094333962097288,0.1594422519579156,22.71062271062271,454,163,202,0.8178814183428487,0.9354734808426621
ATR_14_X2,1.75,SUZLON,738,-482.23317608641173,-0.6534324879219671,0.3317569518645492,31.16531165311653,398,185,155,0.9002367739429463,0.93258331084921
ATR_14_X2,1.75,TMPV,716,-548.5127035149133,-0.7660791948532308,0.25036212503458655,28.49162011173184,377,155,184,0.8720542095559872,0.8953615045175398
ATR_14_X2,2.0,ASHOKLEY,775,-511.1626091793469,-0.6595646570056088,0.32341566990031806,28.387096774193548,405,145,225,0.9185729631308667,0.9496325647249183
ATR_14_X2,2.0,ICICIBANK,811,-898.8800773175453,-1.1083601446578857,0.14658731397060745,19.60542540073983,480,116,215,0.7721857034387003,0.9537083237407563
ATR_14_X2,2.0,INFY,758,-668.5683146418976,-0.8820162462294163,0.2090669989516047,23.350923482849602,416,121,221,0.8623145340695239,0.9123617267836842
ATR_14_X2,2.0,OLAELEC,772,-288.2634436262606,-0.37339824303919766,0.529719444823298,33.160621761658035,403,171,198,1.0825690791930096,0.9751294438733125
ATR_14_X2,2.0,RELIANCE,819,-829.0139835406603,-1.0122270861302325,0.16847520880673972,20.757020757020758,459,132,228,0.8484834236172025,0.9429897920399698
ATR_14_X2,2.0,SUZLON,738,-476.6530090992574,-0.6458712860423542,0.34821553108050624,29.81029810298103,403,156,179,0.9398033531773066,0.9403848616870064
ATR_14_X2,2.0,TMPV,716,-535.8633317428115,-0.7484124745011334,0.27698283374731514,27.51396648044693,382,138,196,0.9181065207314342,0.9014449539610419
ATR_14_X2,2.25,ASHOKLEY,775,-507.617954972737,-0.6549909096422413,0.33444275582103067,27.225806451612904,408,121,246,0.956877902708773,0.9549665810128783
ATR_14_X2,2.25,ICICIBANK,811,-898.8686434582482,-1.108346046187729,0.152182200751193,18.7422934648582,483,93,235,0.8012606502374132,0.9573546883997317
ATR_14_X2,2.25,INFY,758,-668.6022463590961,-0.8820610110278312,0.215248618775874,22.823218997361476,418,97,243,0.8854790115818154,0.9147487987750271
ATR_14_X2,2.25,OLAELEC,772,-278.2891943218639,-0.3604782309868703,0.5524521485354489,31.994818652849744,409,156,207,1.1172244045112274,0.9825408781007869
ATR_14_X2,2.25,RELIANCE,819,-830.1855850683644,-1.013657613026086,0.1775111852236256,19.65811965811966,465,110,244,0.8793772203562626,0.9484418450986544
ATR_14_X2,2.25,SUZLON,738,-469.4648611513019,-0.6361312481724958,0.3641309036069673,28.997289972899733,406,132,200,0.9851725107584923,0.9442957805508155
ATR_14_X2,2.25,TMPV,716,-522.2024907137237,-0.7293330875889996,0.2985617796775333,26.675977653631282,383,125,208,0.9514471379951099,0.9038027473386573
ATR_14_X2,2.5,ASHOKLEY,775,-501.1620711822309,-0.6466607370093301,0.3461742981750361,26.580645161290324,409,104,262,0.9823585626649686,0.9565053655563573
ATR_14_X2,2.5,ICICIBANK,811,-895.4800409135431,-1.1041677446529508,0.15835221743515282,18.249075215782984,484,78,249,0.8229766469859898,0.958753136505948
ATR_14_X2,2.5,INFY,758,-671.3066239192242,-0.8856287914501638,0.21663297008511875,22.163588390501317,420,74,264,0.916786479278906,0.9199158252402068
ATR_14_X2,2.5,OLAELEC,772,-277.07091945739467,-0.3589001547375579,0.5598431531860625,30.958549222797927,414,136,222,1.1480080428920367,0.9909723009639132
ATR_14_X2,2.5,RELIANCE,819,-825.7958245393177,-1.0082977100602168,0.18699935895582817,19.047619047619047,467,93,259,0.9102286556353292,0.9505844353559986
ATR_14_X2,2.5,SUZLON,738,-461.8991338346633,-0.6258795851418202,0.37871121701246774,28.455284552845526,409,112,217,1.0173440518832495,0.9490298795343923
ATR_14_X2,2.5,TMPV,716,-516.4129062968129,-0.7212470758335376,0.31057851104347484,25.977653631284912,385,110,221,0.9883292437452283,0.9076826072252367
ATR_14_X2,2.75,ASHOKLEY,775,-495.1805668048928,-0.638942666845023,0.35590769710790576,26.322580645161292,410,87,278,1.0081637456486172,0.958701855510083
ATR_14_X2,2.75,ICICIBANK,811,-890.1449016268564,-1.0975892745090707,0.16424481818996564,17.879161528976574,484,66,261,0.8406753249794696,0.958753136505948
ATR_14_X2,2.75,INFY,758,-667.4795063055703,-0.8805798236221245,0.22235815075458476,21.899736147757256,420,61,277,0.9315312413384016,0.9207763448311952
ATR_14_X2,2.75,OLAELEC,772,-274.5076798291443,-0.35557989615174135,0.5662492995653934,30.181347150259068,415,117,240,1.1708376865324295,0.9945823014667293
ATR_14_X2,2.75,RELIANCE,819,-821.7778805288456,-1.003391795517516,0.1932778624921539,18.55921855921856,468,80,271,0.9314778755553951,0.9517067698116664
ATR_14_X2,2.75,SUZLON,738,-457.4069055212085,-0.6197925549067866,0.387078571859817,27.91327913279133,410,97,231,1.053822388426293,0.950928536181697
ATR_14_X2,2.75,TMPV,716,-514.5453718082506,-0.7186387874416907,0.31801712352063727,25.139664804469277,386,93,237,1.015641570805447,0.9110433953455934
ATR_14_X2,3.0,ASHOKLEY,775,-500.7632228564768,-0.6461460940083571,0.3520799115793192,26.064516129032256,412,68,295,1.0306262247475884,0.9612180951273768
ATR_14_X2,3.0,ICICIBANK,811,-891.496298342304,-1.0992556083135685,0.16727905397936726,17.385943279901355,486,57,268,0.8631891757614685,0.9603137330566844
ATR_14_X2,3.0,INFY,758,-669.0451943316236,-0.8826453751076829,0.22076984548497658,21.767810026385224,420,45,293,0.9466616269191734,0.9207763448311952
ATR_14_X2,3.0,OLAELEC,772,-273.6212219600012,-0.354431634663214,0.5705937065944572,29.404145077720205,416,104,252,1.2026691251109989,0.9971370743493745
ATR_14_X2,3.0,RELIANCE,819,-818.3854900405993,-0.9992496825892543,0.19691864048926774,18.43711843711844,468,63,288,0.9472282445475688,0.9517067698116664
ATR_14_X2,3.0,SUZLON,738,-450.2324457414084,-0.6100710646902553,0.3973834323334232,27.77777777777778,410,80,248,1.070731609310436,0.951899967069769
ATR_14_X2,3.0,TMPV,716,-502.2281424164323,-0.7014359530955758,0.3343424856580285,25.139664804469277,386,83,247,1.0382085452644707,0.9110433953455934
SIGNAL_CANDLE,1.0,ASHOKLEY,775,-1336.3186697459391,-1.7242821545108893,0.03447453643940275,16.258064516129032,485,247,43,0.7151110284554811,1.194427099202558
SIGNAL_CANDLE,1.0,ICICIBANK,811,-1787.9637376293367,-2.2046408602087997,0.009707092594899271,7.891491985203452,554,209,48,0.5362368530520424,1.1672657219301872
SIGNAL_CANDLE,1.0,INFY,758,-1453.02979302915,-1.9169258483234168,0.021271956652151147,11.345646437994723,496,213,49,0.6182236258750762,1.1489848209390743
SIGNAL_CANDLE,1.0,OLAELEC,772,-1497.4099258081355,-1.9396501629639062,0.06042449343096378,24.870466321243523,473,255,44,1.3925910126474315,1.9431934431866136
SIGNAL_CANDLE,1.0,RELIANCE,819,-1746.7505762557223,-2.132784586392823,0.01131119600639129,7.57020757020757,538,225,56,0.6091048868723158,1.153493882509633
SIGNAL_CANDLE,1.0,SUZLON,738,-1290.4498343651733,-1.748577011334923,0.04013623479884632,17.479674796747968,453,242,43,0.7839438085801484,1.221865906611454
SIGNAL_CANDLE,1.0,TMPV,716,-1426.5736763464524,-1.992421335679403,0.026263688136699145,14.52513966480447,457,220,39,0.6561773933355624,1.3893549888673955
SIGNAL_CANDLE,1.25,ASHOKLEY,775,-1338.0273157793085,-1.7264868590700755,0.04972493154370723,17.67741935483871,510,215,50,0.777139213456061,1.2310291740599295
SIGNAL_CANDLE,1.25,ICICIBANK,811,-1787.0859478303757,-2.2035585053395508,0.0160795680897798,10.234278668310727,572,178,61,0.5897276489249204,1.1851377356552184
SIGNAL_CANDLE,1.25,INFY,758,-1453.474370210646,-1.9175123617554695,0.03251573766802021,13.588390501319262,516,182,60,0.6660714304349499,1.1720780639967454
SIGNAL_CANDLE,1.25,OLAELEC,772,-1472.2227278683415,-1.9070242588968154,0.08392234510480047,26.42487046632124,488,234,50,1.4512500389276937,1.967261043305007
SIGNAL_CANDLE,1.25,RELIANCE,819,-1757.7698906872924,-2.1462391827683667,0.01772396883049045,9.157509157509157,566,190,63,0.6612873197644538,1.1788886470331983
SIGNAL_CANDLE,1.25,SUZLON,738,-1294.4558551964944,-1.7540052238434884,0.054363695880975386,18.428184281842817,476,208,54,0.8433302413946743,1.2521189647394815
SIGNAL_CANDLE,1.25,TMPV,716,-1417.1863969642363,-1.9793106102852462,0.03721738903543237,16.201117318435752,472,192,52,0.7228035175656339,1.405917280385119
SIGNAL_CANDLE,1.5,ASHOKLEY,775,-1318.9716022620175,-1.7018988416284098,0.06674460647228858,20.0,519,197,59,0.8282542979380328,1.2472822198093139
SIGNAL_CANDLE,1.5,ICICIBANK,811,-1779.5791028704282,-2.1943022230214897,0.02575870568822419,12.577065351418002,584,157,70,0.631238751295949,1.193795673562748
SIGNAL_CANDLE,1.5,INFY,758,-1444.93793682818,-1.906250576290475,0.04308560213192636,15.03957783641161,526,159,73,0.7060955547374321,1.184276335533123
SIGNAL_CANDLE,1.5,OLAELEC,772,-1464.7051062920427,-1.897286407114045,0.10156853358346979,25.906735751295333,506,208,58,1.503939002457903,1.9902829707524918
SIGNAL_CANDLE,1.5,RELIANCE,819,-1763.5305692188022,-2.1532729782891358,0.025746999449337667,11.5995115995116,584,162,73,0.7017651863863842,1.1940599734733484
SIGNAL_CANDLE,1.5,SUZLON,738,-1289.7101370468863,-1.7475747114456455,0.0686529969883579,18.97018970189702,490,182,66,0.8989288715308302,1.271965358510448
SIGNAL_CANDLE,1.5,TMPV,716,-1402.7559817467923,-1.9591563990876988,0.05198726099173042,17.877094972067038,482,173,61,0.7730607853714286,1.4198675975469432
SIGNAL_CANDLE,1.75,ASHOKLEY,775,-1326.8211410959138,-1.7120272788334372,0.08050561023264818,20.129032258064516,535,171,69,0.8774936119884562,1.2762476720303173
SIGNAL_CANDLE,1.75,ICICIBANK,811,-1773.9980098084934,-2.1874204806516566,0.03477152146461824,13.440197287299629,594,141,76,0.6666615785209276,1.202279812004042
SIGNAL_CANDLE,1.75,INFY,758,-1440.8578958462049,-1.9008679364725658,0.05315230166219488,16.094986807387862,535,138,85,0.7431979765845006,1.1939744592810184
SIGNAL_CANDLE,1.75,OLAELEC,772,-1473.7798590614343,-1.9090412682142932,0.11044172808513973,23.963730569948186,524,181,67,1.5527104500084807,2.0255079155118003
SIGNAL_CANDLE,1.75,RELIANCE,819,-1776.196367644498,-2.1687379336318657,0.03337541833191029,11.965811965811966,598,136,85,0.7343376456603831,1.2067063682762789
SIGNAL_CANDLE,1.75,SUZLON,738,-1276.6934271609239,-1.7299368931719836,0.08367609946615048,19.91869918699187,500,167,71,0.9490226284107678,1.2888827396308578
SIGNAL_CANDLE,1.75,TMPV,716,-1399.2191206426771,-1.9542166489422865,0.06537491035884337,19.273743016759777,493,153,70,0.8165032210424117,1.4398798487638955
SIGNAL_CANDLE,2.0,ASHOKLEY,775,-1308.6832822362212,-1.6886235899822208,0.09764322579994365,20.64516129032258,541,158,76,0.9157384015403591,1.2879227995200022
SIGNAL_CANDLE,2.0,ICICIBANK,811,-1771.8671959780038,-2.184793089985208,0.04246596072469956,13.316892725030826,600,123,88,0.7084455247174822,1.2103959889395683
SIGNAL_CANDLE,2.0,INFY,758,-1446.5928902927512,-1.9084338922067958,0.06171963109150649,16.226912928759894,543,116,99,0.7888402315101153,1.2057341477921757
SIGNAL_CANDLE,2.0,OLAELEC,772,-1471.3138335146868,-1.9058469346045166,0.12372346232919539,23.05699481865285,536,162,74,1.616016136563103,2.0584363356648696
SIGNAL_CANDLE,2.0,RELIANCE,819,-1779.8920694598037,-2.1732503900608102,0.03967684372235374,12.454212454212454,608,117,94,0.7575730502292806,1.2189904401800207
SIGNAL_CANDLE,2.0,SUZLON,738,-1263.5879198212108,-1.7121787531452721,0.09844677861020693,20.18970189701897,507,154,77,1.0222616318964748,1.3017892970972813
SIGNAL_CANDLE,2.0,TMPV,716,-1394.4134695495025,-1.9475048457395285,0.0759326101065304,19.41340782122905,500,135,81,0.8663655212427104,1.4496311066344465
SIGNAL_CANDLE,2.25,ASHOKLEY,775,-1314.968756142285,-1.6967338788932709,0.10803983136453121,19.741935483870968,550,138,87,0.9495686392608851,1.2987786779301596
SIGNAL_CANDLE,2.25,ICICIBANK,811,-1771.9506740558327,-2.1848960222636653,0.051301783386714005,13.81011097410604,608,113,90,0.7300594772142325,1.2188700805855692
SIGNAL_CANDLE,2.25,INFY,758,-1452.151150281822,-1.9157666890261504,0.06792117822029231,15.567282321899736,550,100,108,0.8207436615208875,1.2124832191914812
SIGNAL_CANDLE,2.25,OLAELEC,772,-1460.645695358722,-1.892028102796272,0.1345218770158677,22.53886010362694,542,149,81,1.662100808719663,2.068484522128099
SIGNAL_CANDLE,2.25,RELIANCE,819,-1767.0536528463115,-2.157574667700014,0.04881073620760066,12.576312576312576,612,110,97,0.7890263138140561,1.2229378523454373
SIGNAL_CANDLE,2.25,SUZLON,738,-1246.504129833439,-1.6890299862241722,0.11663414299054456,20.867208672086722,512,144,82,1.0633748127768834,1.3285597049185438
SIGNAL_CANDLE,2.25,TMPV,716,-1382.826686272147,-1.9313221875309317,0.08673198047333311,18.994413407821227,504,126,86,0.896212090825706,1.454973502423895
SIGNAL_CANDLE,2.5,ASHOKLEY,775,-1312.4613783689924,-1.6934985527341837,0.11821923075324584,18.838709677419356,557,122,96,0.9741528738553259,1.3047760479152422
SIGNAL_CANDLE,2.5,ICICIBANK,811,-1770.9242426470269,-2.183630385508048,0.05809335010220636,13.563501849568436,614,99,98,0.7657280652361595,1.2253328270684307
SIGNAL_CANDLE,2.5,INFY,758,-1455.6321805550572,-1.920359077249416,0.07344758527042246,15.303430079155673,555,88,115,0.8444365703101627,1.2159294691307203
SIGNAL_CANDLE,2.5,OLAELEC,772,-1439.2283390844696,-1.8642854133218518,0.1499141265630731,22.409326424870464,546,144,82,1.708871996958172,2.0746805888100632
SIGNAL_CANDLE,2.5,RELIANCE,819,-1778.6151990291655,-2.171691329705941,0.05392746618786594,12.454212454212454,620,93,106,0.8119277101857759,1.2337471082439124
SIGNAL_CANDLE,2.5,SUZLON,738,-1241.4973602103191,-1.6822457455424378,0.12815416421299378,20.59620596205962,518,129,91,1.103988467613795,1.3380930415975236
SIGNAL_CANDLE,2.5,TMPV,716,-1372.3860769541418,-1.9167403309415387,0.0988768424716006,19.273743016759777,509,115,92,0.9428538124867862,1.4645378255297195
SIGNAL_CANDLE,2.75,ASHOKLEY,775,-1327.6230522595106,-1.7130620029154975,0.12209545021828225,17.93548387096774,567,108,100,1.0025780708066196,1.3170151406681323
SIGNAL_CANDLE,2.75,ICICIBANK,811,-1767.763575410032,-2.179733138606698,0.06363295965696962,13.316892725030826,617,89,105,0.7861018541620856,1.2267387849959865
SIGNAL_CANDLE,2.75,INFY,758,-1445.7867930422815,-1.9073704393697646,0.08349421794321032,15.171503957783642,557,83,118,0.8707648385215184,1.220339400760428
SIGNAL_CANDLE,2.75,OLAELEC,772,-1443.1040599672062,-1.8693057771595936,0.15494277287979727,21.632124352331605,554,130,88,1.7627123113576852,2.0858068994615326
SIGNAL_CANDLE,2.75,RELIANCE,819,-1775.279148129292,-2.167618007483873,0.06024484735178731,12.454212454212454,624,84,111,0.8346006176519455,1.2366163221400925
SIGNAL_CANDLE,2.75,SUZLON,738,-1230.9719060257787,-1.6679836125010552,0.13958537421320438,20.18970189701897,521,120,97,1.1292139232076717,1.3447808733215931
SIGNAL_CANDLE,2.75,TMPV,716,-1355.619557642686,-1.8933234045288911,0.11226994047180212,19.692737430167597,511,109,96,0.9813730349818148,1.4692114336444357
SIGNAL_CANDLE,3.0,ASHOKLEY,775,-1317.362576768598,-1.6998226797014169,0.13082093730299002,17.67741935483871,568,100,107,1.0295614732845617,1.3198467940779273
SIGNAL_CANDLE,3.0,ICICIBANK,811,-1766.6933423069345,-2.1784134923636675,0.06907169765632173,13.19358816276202,621,81,109,0.8095152413935854,1.2310247910287238
SIGNAL_CANDLE,3.0,INFY,758,-1451.1961020391875,-1.9145067309224109,0.08686695257384167,14.775725593667547,561,73,124,0.8810416600531794,1.2256969561341113
SIGNAL_CANDLE,3.0,OLAELEC,772,-1431.4063741247132,-1.8541533343584369,0.16529625427643152,21.243523316062177,558,122,92,1.7868768239296038,2.0889644790910387
SIGNAL_CANDLE,3.0,RELIANCE,819,-1778.7555553564328,-2.1718627049529093,0.06646083970564841,11.965811965811966,630,77,112,0.8512261789213974,1.246975445999392
SIGNAL_CANDLE,3.0,SUZLON,738,-1226.9389850513091,-1.6625189499340232,0.14808870440098185,20.18970189701897,525,107,106,1.156481833975066,1.3509924758301506
SIGNAL_CANDLE,3.0,TMPV,716,-1349.9953742403666,-1.8854683997770483,0.1219002261813113,19.134078212290504,515,99,102,1.00993815587071,1.4746442607994679
SWING_5,1.0,ASHOKLEY,775,-476.5550236746798,-0.6149097079673287,0.21079478421402378,34.70967741935484,322,253,200,0.6333184739927683,0.7948459531259137
SWING_5,1.0,ICICIBANK,811,-765.424017346243,-0.9438027340890789,0.08505348016858562,23.55117139334155,359,227,225,0.544862697425454,0.8145842671837644
SWING_5,1.0,INFY,758,-571.6618514911453,-0.7541713080358117,0.13588869555952895,30.21108179419525,313,221,224,0.565545542230081,0.7680614648022369
SWING_5,1.0,OLAELEC,772,-341.78796964125013,-0.44273053062338097,0.3649580008417422,41.06217616580311,320,296,156,0.7420294713745265,0.8827800383705123
SWING_5,1.0,RELIANCE,819,-707.5579031198322,-0.8639290636383787,0.09876365461764122,25.274725274725274,345,228,246,0.5908483305007439,0.7987537889978069
SWING_5,1.0,SUZLON,738,-420.76377641299246,-0.5701406184457892,0.24995130212206235,38.21138211382114,307,261,170,0.6459865983603305,0.7622110127879299
SWING_5,1.0,TMPV,716,-494.4982436803515,-0.6906400051401557,0.17979134537509484,32.82122905027933,301,226,189,0.6279664968330867,0.7577803930981631
SWING_5,1.25,ASHOKLEY,775,-470.75768728688683,-0.6074292739185636,0.2542628078277376,32.903225806451616,337,206,232,0.695999932247121,0.8310740112462048
SWING_5,1.25,ICICIBANK,811,-767.0169712606371,-0.9457669189403664,0.11049766835633822,23.55117139334155,371,174,266,0.6014723430560577,0.8283622196204072
SWING_5,1.25,INFY,758,-573.2371889080395,-0.7562495895884426,0.16411231368939985,27.176781002638524,324,167,267,0.6247715493124756,0.7826291040037409
SWING_5,1.25,OLAELEC,772,-339.0282605543232,-0.4391557779201078,0.40467834112671713,37.82383419689119,340,243,189,0.8224103288071124,0.9145770698984063
SWING_5,1.25,RELIANCE,819,-710.2242591966051,-0.8671846876637425,0.1258216584913642,25.274725274725274,358,178,283,0.6414588779986601,0.8171450005817411
SWING_5,1.25,SUZLON,738,-423.76747366347655,-0.5742106689206999,0.2901569641341479,35.90785907859079,328,212,198,0.702881326119111,0.7962006268145138
SWING_5,1.25,TMPV,716,-492.65931674148203,-0.6880716714266509,0.21115024238976438,31.00558659217877,313,174,229,0.6795874684083176,0.7785781784171549
SWING_5,1.5,ASHOKLEY,775,-463.8633457163347,-0.5985333493113997,0.2833189933531457,31.74193548387097,344,164,267,0.7457769215690523,0.8395439816468464
SWING_5,1.5,ICICIBANK,811,-772.0231253676014,-0.9519397353484604,0.12788745354896464,22.071516646115906,380,135,296,0.6427020436382208,0.839940068497682
SWING_5,1.5,INFY,758,-576.601046300167,-0.7606873961743628,0.1791264754869886,25.989445910290236,331,129,298,0.6658812945396277,0.7925599245261892
SWING_5,1.5,OLAELEC,772,-338.3893930497749,-0.43832822933908666,0.43082234071960807,35.10362694300518,355,203,214,0.8794015685060487,0.9415323569036345
SWING_5,1.5,RELIANCE,819,-703.5155442477296,-0.8589933385198164,0.15117517764346503,23.687423687423685,363,145,311,0.6794345369511282,0.8253457241573835
SWING_5,1.5,SUZLON,738,-435.0325902975786,-0.589475054603765,0.3020824962717812,32.926829268292686,342,166,230,0.7535731928745928,0.8211581367186033
SWING_5,1.5,TMPV,716,-468.44712228977517,-0.6542557573879542,0.2533960304590319,30.446927374301673,314,151,251,0.7272083043577218,0.7804638428020447
SWING_5,1.75,ASHOKLEY,775,-473.5250664582134,-0.6110000857525334,0.2913849859484674,29.806451612903224,352,128,295,0.7818203329061963,0.8621348772648308
SWING_5,1.75,ICICIBANK,811,-771.6161749840883,-0.9514379469594183,0.13940356293724543,20.96177558569667,383,107,321,0.6681655586443237,0.8447025347066445
SWING_5,1.75,INFY,758,-576.4582051244266,-0.7604989513514863,0.19034706550650576,25.593667546174142,336,99,323,0.6902349261414573,0.7992882878358099
SWING_5,1.75,OLAELEC,772,-340.6810526205802,-0.44129670028572565,0.4421138053052116,33.41968911917099,364,165,243,0.9393944841555394,0.963805807585352
SWING_5,1.75,RELIANCE,819,-696.2132542055092,-0.8500772334621602,0.17247755577227006,22.954822954822955,369,123,327,0.713345414910356,0.8297196631282253
SWING_5,1.75,SUZLON,738,-419.83028153834147,-0.5688757202416551,0.33540049365635355,32.113821138211385,346,144,248,0.7923206760242685,0.8277567596495952
SWING_5,1.75,TMPV,716,-468.12240529255223,-0.6538022420287042,0.2626376328797015,29.18994413407821,316,117,283,0.7760203443734353,0.7852208500683073
SWING_5,2.0,ASHOKLEY,775,-468.0264440144131,-0.6039050890508556,0.31002239655829844,29.03225806451613,357,110,308,0.8082129364236813,0.8697128758452206
SWING_5,2.0,ICICIBANK,811,-765.6022279252202,-0.9440224758634034,0.15355069756771295,20.34525277435265,386,91,334,0.6952646593057294,0.846954040213045
SWING_5,2.0,INFY,758,-580.929461496623,-0.7663977064599249,0.19157416770882343,24.670184696569923,338,75,345,0.7182855049175216,0.8027461712158568
SWING_5,2.0,OLAELEC,772,-336.22281308947186,-0.4355217786133055,0.4599315208584029,32.12435233160622,371,142,259,0.9842036750168967,0.9869672532091474
SWING_5,2.0,RELIANCE,819,-694.8037606885089,-0.8483562401569095,0.18458361037040594,22.1001221001221,373,101,345,0.7457075555633376,0.8349793743246138
SWING_5,2.0,SUZLON,738,-428.58770912546765,-0.5807421532865416,0.33492164015444975,30.89430894308943,352,111,275,0.8298535882560364,0.8362102948116085
SWING_5,2.0,TMPV,716,-458.68470591000147,-0.6406210976396669,0.28241087555664846,28.910614525139668,318,99,299,0.8162057087828586,0.788366768875379
SWING_5,2.25,ASHOKLEY,775,-462.97134390455466,-0.5973823792316835,0.3238856167813469,28.258064516129032,359,94,322,0.8305722970969271,0.8749383194834279
SWING_5,2.25,ICICIBANK,811,-760.2938979541966,-0.9374770628288491,0.1616214826898718,19.852034525277436,386,73,352,0.716655043695988,0.8473820365519592
SWING_5,2.25,INFY,758,-583.4827626852109,-0.7697661776849748,0.19596385412060638,24.142480211081793,340,58,360,0.7317019856024857,0.8055083281215412
SWING_5,2.25,OLAELEC,772,-327.0513731249606,-0.4236416750323324,0.47844504558171747,31.606217616580313,374,121,277,1.0181497729819127,0.9908214509961162
SWING_5,2.25,RELIANCE,819,-700.92903510823,-0.8558352077023565,0.18685797330984272,20.87912087912088,376,78,365,0.7610224579123586,0.8394061147641734
SWING_5,2.25,SUZLON,738,-416.8956499287324,-0.5648992546459788,0.35423742612600956,30.758807588075882,353,94,291,0.8622276844712804,0.837519862812732
SWING_5,2.25,TMPV,716,-458.04213369639535,-0.63972365041396,0.29015811729656255,28.07262569832402,320,84,312,0.8369714724693208,0.7921709908762841
SWING_5,2.5,ASHOKLEY,775,-464.09096066987485,-0.598827046025645,0.3224651447369048,28.000000000000004,359,72,344,0.8524493953882164,0.8750823930185602
SWING_5,2.5,ICICIBANK,811,-763.3981832728248,-0.9413047882525583,0.16082474541504554,19.235511713933416,387,55,369,0.7320202339778336,0.8475698894610442
SWING_5,2.5,INFY,758,-579.666850586319,-0.7647319928579407,0.20525454851201172,24.010554089709764,341,50,367,0.7460977142530371,0.8062018042143768
SWING_5,2.5,OLAELEC,772,-312.5298972267606,-0.40483147309165884,0.5017918738618603,31.476683937823836,374,108,290,1.0353836389157176,0.9918307204319248
SWING_5,2.5,RELIANCE,819,-698.5376116815003,-0.8529152767783886,0.19170116364484358,20.634920634920633,377,61,381,0.7767029998700821,0.8404521584699713
SWING_5,2.5,SUZLON,738,-413.05916830853505,-0.5597007700657657,0.3624083688389357,30.62330623306233,354,78,306,0.8852317169183486,0.8385409680239313
SWING_5,2.5,TMPV,716,-455.8063019352597,-0.6366009803565079,0.2989216284838988,27.51396648044693,322,71,323,0.8590873604517778,0.7945260063983021
SWING_5,2.75,ASHOKLEY,775,-460.5329234871859,-0.5942360303060463,0.33044064375845533,27.741935483870968,360,62,353,0.8767951227298325,0.876035296879636
SWING_5,2.75,ICICIBANK,811,-774.2897881702672,-0.9547346339953974,0.15523357001143195,18.865598027127003,390,41,380,0.7401298171463517,0.8513483334948639
SWING_5,2.75,INFY,758,-581.025341322606,-0.7665241969955224,0.20575382619265095,23.614775725593667,341,39,378,0.7610084204715839,0.8065126330560608
SWING_5,2.75,OLAELEC,772,-314.22417384630114,-0.40702613192526055,0.5071834089212294,30.569948186528496,380,98,294,1.0550924174937126,1.0010776904441383
SWING_5,2.75,RELIANCE,819,-697.0130611997508,-0.8510537987786946,0.19640016423879744,20.39072039072039,378,49,392,0.792247742735907,0.8412465335467805
SWING_5,2.75,SUZLON,738,-408.17330080494025,-0.553080353394228,0.3699895989398251,30.48780487804878,354,65,319,0.8994443781922798,0.8385409680239313
SWING_5,2.75,TMPV,716,-456.1913757300983,-0.6371387929191317,0.30231511687174784,27.23463687150838,324,60,332,0.8730135723267429,0.7959270549737528
SWING_5,3.0,ASHOKLEY,775,-456.0669470194066,-0.5884734800250407,0.3388373394382416,27.612903225806452,361,54,360,0.8919060540295973,0.8782991861943145
SWING_5,3.0,ICICIBANK,811,-771.6309682455906,-0.951456187725759,0.15845077099913388,18.618988902589393,390,34,387,0.7515240903556877,0.8513483334948639
SWING_5,3.0,INFY,758,-581.1419648599801,-0.766678053904987,0.20669987743677695,23.482849604221638,341,33,384,0.7751352301373859,0.8065126330560608
SWING_5,3.0,OLAELEC,772,-310.98230191651237,-0.4028268159540316,0.5137453136339519,30.181347150259068,381,86,305,1.069576360478098,1.002570723604648
SWING_5,3.0,RELIANCE,819,-696.0339174182732,-0.8498582630259746,0.19752903803727073,20.39072039072039,378,36,405,0.8006880158058127,0.8412465335467805
SWING_5,3.0,SUZLON,738,-405.19311493368684,-0.5490421611567572,0.37633284199971606,30.21680216802168,354,54,330,0.9177233665510492,0.8390515232425205
SWING_5,3.0,TMPV,716,-453.15497042269135,-0.6328980033836471,0.3076359296932897,27.09497206703911,324,51,341,0.8846757388471261,0.7967593770557578
