entry_time_hhmm,direction,entries,symbols,median_ema_spread_atr,median_ema21_slope_abs_atr,median_ema_spread_change_abs_atr,median_close_ema21_distance_atr
09:20,BUY,195,7,0.19731979015847906,0.3086878074528724,0.4151721047469461,3.0868780745290723
09:20,SELL,147,7,0.17686293010959803,0.2725236503797926,0.37183741900069667,2.72523650379818
09:25,BUY,85,7,0.12441748934725008,0.1888575722157128,0.24592801159826985,1.8885757221580124
09:25,SELL,70,7,0.09338378316906511,0.14987667305772717,0.19756554809175653,1.4987667305774761
09:30,BUY,66,7,0.08005425713219733,0.13001214902977704,0.16731115057230256,1.300121490298007
09:30,SELL,51,7,0.07460601248396916,0.11453676058092498,0.15530534764203538,1.1453676058092013
09:35,BUY,32,7,0.04685528915958079,0.08684488728248428,0.12199034212895493,0.868448872824826
09:35,SELL,37,7,0.0673085294761865,0.10126224781842463,0.12841909504332408,1.0126224781840787
09:40,BUY,21,6,0.04686742437767699,0.08382058184293811,0.1027384051798412,0.8382058184294507
09:40,SELL,42,7,0.06403590908570256,0.09158313585023764,0.12262294373371772,0.9158313585025036
09:45,BUY,20,7,0.0472399863165965,0.06143550415970468,0.08642860859208415,0.6143550415970354
09:45,SELL,30,7,0.04522788954928829,0.08559482187603024,0.1140857836552813,0.8559482187600082
09:50,BUY,23,7,0.03941070978696241,0.0710249451376973,0.09723110066739014,0.710249451376973
09:50,SELL,35,7,0.03851520364244579,0.06259088542365444,0.08533623898138058,0.6259088542361432
09:55,BUY,27,7,0.04517926364942606,0.07904624380305043,0.11083620584748184,0.7904624380305043
09:55,SELL,20,7,0.04215007415087049,0.08735110807411992,0.11636002915738186,0.8735110807414213
10:00,BUY,16,7,0.022890375325419696,0.0542143303660052,0.07323174317707803,0.5421433036601914
10:00,SELL,24,7,0.0378155894450975,0.06167044389438077,0.08130801017883957,0.6167044389437211
10:05,BUY,20,7,0.05298675094199281,0.07470456076945056,0.0971530019212599,0.7470456076944155
10:05,SELL,31,7,0.03946245665307915,0.05385177492728101,0.06523622647844553,0.5385177492732948
10:10,BUY,20,7,0.03150775097470043,0.04646320838958638,0.06292381477302812,0.4646320838954584
10:10,SELL,27,6,0.04564020763661142,0.07927582210213743,0.10750368124403215,0.7927582210212757
10:15,BUY,17,7,0.029020146002845554,0.05948997054684049,0.07784460979470091,0.5948997054681806
10:15,SELL,31,7,0.034525189521550946,0.06608713296246842,0.09096350766980409,0.6608713296245001
10:20,BUY,35,7,0.02558890174352153,0.05732854448006223,0.07825337240596512,0.5732854448005694
10:20,SELL,25,7,0.02271277498417223,0.057917705536999896,0.07614292745002209,0.5791770553696498
10:25,BUY,23,7,0.0380085346197582,0.06619394904080156,0.08978878990632715,0.6619394904081014
10:25,SELL,20,6,0.022108830648160376,0.05604805676823034,0.07533201991777513,0.5604805676821243
10:30,BUY,23,7,0.03576225003260131,0.06913812190859989,0.09653658326262197,0.691381219086068
10:30,SELL,28,7,0.03141504689275667,0.06734643145476565,0.09134554744033266,0.6734643145473176
10:35,BUY,28,7,0.044071103817782176,0.09128859241630399,0.11456110676660117,0.9128859241631594
10:35,SELL,20,7,0.0712767592347156,0.08541244014805562,0.11178487446296317,0.8541244014804807
10:40,BUY,30,7,0.04062179012645422,0.07811725592846,0.1082181280609451,0.7811725592847013
10:40,SELL,28,7,0.037537923320974956,0.06579652636478339,0.08869449595168498,0.6579652636475358
10:45,BUY,30,7,0.05195158269355443,0.09289335100396798,0.1265548473151711,0.9289335100400842
10:45,SELL,35,7,0.04637674201104056,0.07832871923411602,0.1087653654492167,0.7832871923411603
10:50,BUY,25,7,0.051350439304770096,0.07162518681913779,0.09083611350841928,0.716251868191268
10:50,SELL,36,7,0.043351112119198246,0.07226193109175752,0.09776397540638186,0.7226193109176287
10:55,BUY,20,7,0.026719336513048152,0.07257878960566425,0.10445968007021916,0.7257878960567539
10:55,SELL,28,7,0.0335676939318193,0.07562474084441029,0.09536067502081208,0.7562474084438917
11:00,BUY,21,7,0.06452480777572303,0.11267210897196564,0.14133157996803267,1.1267210897197837
11:00,SELL,30,6,0.03999153883248513,0.07215507737558077,0.09168478873508466,0.7215507737559597
11:05,BUY,25,7,0.051900732167549916,0.10774270378538775,0.13517610218965084,1.07742703785407
11:05,SELL,35,7,0.05828197929461768,0.10672871091535788,0.13985814152423265,1.0672871091534746
11:10,BUY,20,7,0.05075532480052555,0.08621909026686843,0.1115578223107504,0.8621909026688187
11:10,SELL,29,7,0.05837983810124619,0.0813115727925099,0.10688440056911983,0.8131157279250991
11:15,BUY,26,7,0.04503741862818885,0.11179610439395316,0.15304869047220473,1.1179610439397343
11:15,SELL,17,6,0.04646992075820421,0.06526147565579782,0.0877547377182581,0.6526147565577709
11:20,BUY,24,7,0.032057381830622726,0.08448062017853533,0.11268138897915028,0.8448062017853972
11:20,SELL,23,7,0.038464259127965285,0.07297135082183243,0.10245605262269482,0.7297135082183241
11:25,BUY,27,7,0.04281310847480809,0.09682727558892643,0.12753843268476792,0.9682727558891476
11:25,SELL,31,7,0.03907123408284516,0.08317114352945716,0.11744978102108906,0.8317114352945716
11:30,BUY,34,7,0.06703147595392514,0.10788064708749873,0.140885099936083,1.078806470875286
11:30,SELL,27,7,0.04343673529960677,0.09265000998174877,0.11780413560432458,0.9265000998178712
11:35,BUY,33,7,0.06896857087748334,0.09671539518880883,0.13521286051473913,0.9671539518879669
11:35,SELL,33,7,0.041491187089058294,0.08475566907309581,0.1115804083957301,0.8475566907309581
11:40,BUY,33,7,0.060254001261175735,0.10157879477101765,0.12247282599589264,1.0157879477104679
11:40,SELL,27,7,0.03709383741514239,0.07420809329566268,0.10025945146660573,0.7420809329566268
11:45,BUY,27,7,0.03131161490462787,0.06436637500452547,0.08914511035902815,0.6436637500450312
11:45,SELL,48,7,0.054692100461574564,0.08440508314057799,0.11026952304490202,0.8440508314053412
11:50,BUY,28,7,0.05432258286171228,0.11334756786327335,0.1528139648208252,1.1334756786326778
11:50,SELL,34,7,0.046131002531278525,0.08007467321691922,0.10793956560761923,0.8007467321697477
11:55,BUY,25,7,0.048763395082916085,0.07194570435623483,0.09517280548052356,0.7194570435624924
11:55,SELL,29,7,0.05157264928952909,0.07677938868741355,0.10241554413037245,0.7677938868741355
12:00,BUY,33,7,0.033910590619239886,0.07478566953772287,0.09141073347862931,0.7478566953768708
12:00,SELL,31,7,0.0613282332904159,0.09023701950327796,0.11525174268586649,0.9023701950332157
12:05,BUY,32,6,0.05258697924611915,0.09568927873009661,0.12633234412786404,0.9568927873015475
12:05,SELL,43,7,0.047504686671934304,0.07772436695995384,0.11128159320468085,0.7772436695987222
12:10,BUY,42,7,0.06618964462437428,0.09510109797065576,0.12783841742295832,0.9510109797071498
12:10,SELL,27,7,0.039305780562468,0.07019120310845393,0.08964975452679201,0.7019120310848126
12:15,BUY,26,7,0.05005410250479824,0.0941278102651057,0.11613128215997419,0.9412781026518021
12:15,SELL,31,7,0.039385488862997656,0.08136345626946218,0.09992194022962415,0.8136345626933434
12:20,BUY,35,7,0.05526774181468955,0.09984471652857885,0.14554297513382916,0.9984471652859608
12:20,SELL,29,7,0.06562495410289557,0.07967671501214428,0.10413531890261463,0.7967671501205911
12:25,BUY,34,7,0.05565229487549758,0.08414267898532626,0.11666408607696516,0.8414267898535652
12:25,SELL,32,7,0.0379284627341044,0.06769981054785851,0.09401261805393127,0.6769981054787985
12:30,BUY,39,7,0.05296016843121207,0.10911683711902309,0.14203512712162875,1.0911683711905662
12:30,SELL,40,7,0.040381067960727546,0.08014943729161107,0.10589827821252625,0.8014943729164652
12:35,BUY,34,7,0.04952939153993964,0.08748540769720517,0.11400956693170627,0.8748540769721669
12:35,SELL,37,7,0.04616026784655616,0.07341343409754592,0.09581338131524343,0.7341343409749955
12:40,BUY,46,7,0.056305633166583546,0.09146291048859223,0.12947563354281477,0.9146291048862715
12:40,SELL,26,7,0.041951990151043395,0.08254654016291454,0.10847344571855784,0.825465401628961
12:45,BUY,32,7,0.03303981044989685,0.08420053289295844,0.1189225399432902,0.8420053289292582
12:45,SELL,36,7,0.044269688211653675,0.06550050816285502,0.08554849775612737,0.6550050816279428
12:50,BUY,40,7,0.0473057049235332,0.09530210373978093,0.1236677944875,0.9530210373978543
12:50,SELL,36,7,0.05036018339004529,0.08399957047494097,0.11642125265120501,0.8399957047496243
12:55,BUY,31,7,0.03833428844805753,0.0913362949192112,0.12671691786891873,0.913362949192112
12:55,SELL,35,7,0.04552814429002756,0.08768280161684304,0.12300038624775998,0.8768280161680845
13:00,BUY,41,7,0.04101380573045413,0.07028482278203846,0.09815896843660847,0.7028482278193466
13:00,SELL,26,6,0.042500014876727735,0.07764957721967969,0.10434623240608448,0.7764957721965817
13:05,BUY,46,7,0.039454626365308096,0.0811891761661287,0.10890435340700541,0.8118917616616008
13:05,SELL,40,7,0.034878230891246545,0.07328756682678791,0.09473491646735169,0.7328756682678643
13:10,BUY,36,7,0.04174528021779936,0.08685606900373707,0.11309162243161344,0.8685606900374931
13:10,SELL,22,7,0.04893498799474269,0.09008808022219938,0.11917606817652412,0.9008808022224555
13:15,BUY,34,7,0.04203205159841521,0.06347535861210174,0.08088043377164658,0.6347535861215894
13:15,SELL,39,7,0.0464185714649336,0.08025367399999614,0.10808751940311387,0.8025367399994577
13:20,BUY,30,7,0.03961633875399702,0.07224387595568257,0.09768953185127491,0.7224387595570885
13:20,SELL,39,7,0.0434894087529286,0.07243245156977818,0.09549809303983843,0.7243245156977269
13:25,BUY,33,7,0.03350106247569497,0.06873177209051862,0.08966712041924761,0.6873177209042499
13:25,SELL,30,7,0.03559677305247534,0.06650830811030808,0.09278737889440407,0.665083081102239
13:30,BUY,28,7,0.041202667048753645,0.08489413357886867,0.11334157459330005,0.8489413357893026
13:30,SELL,37,7,0.041376339546721416,0.06754857235927757,0.09050676291231358,0.6754857235929311
13:35,BUY,33,7,0.05022295019169124,0.08041257858165635,0.10134181631977633,0.8041257858160841
13:35,SELL,29,7,0.04636063907439394,0.08368943503136114,0.10501113208200571,0.8368943503138103
13:40,BUY,35,7,0.041645413349908844,0.07022512767551571,0.0943598932895662,0.7022512767549869
13:40,SELL,30,7,0.04032317716235695,0.08190215809248151,0.10793850840245525,0.8190215809244359
13:45,BUY,39,7,0.06488401354286828,0.07909946160841931,0.10983763583051213,0.7909946160840741
13:45,SELL,47,7,0.033124283085126834,0.060727954317375855,0.08806597138026828,0.6072795431731534
13:50,BUY,32,7,0.036149892568642865,0.08408657631946001,0.10407729137429994,0.8408657631945513
13:50,SELL,35,7,0.044040476616517714,0.07985155849551555,0.11888039174944287,0.798515584954984
13:55,BUY,41,7,0.04156810693566513,0.06575370346041937,0.08949415419112793,0.6575370346035211
13:55,SELL,49,7,0.036375802809392926,0.06571107355129273,0.08616645139370302,0.657110735513587
14:00,BUY,37,7,0.0607949983836502,0.08969269735214494,0.11076620106146005,0.896926973521789
14:00,SELL,46,7,0.05038712094390511,0.07735592896800875,0.09921873143373869,0.7735592896804527
14:05,BUY,39,7,0.041943345351277375,0.0662425580150019,0.08370820387030696,0.6624255801501059
14:05,SELL,38,7,0.050947273589446895,0.09037533200858178,0.11537228832248653,0.9037533200858379
14:10,BUY,32,7,0.04097402384336389,0.07370383133154948,0.10662487385220631,0.7370383133156058
14:10,SELL,48,7,0.05101935514422026,0.0872042783690731,0.11928022307939065,0.8720427836900626
14:15,BUY,39,7,0.03667619092587146,0.08142392221827853,0.11403510496353317,0.8142392221831538
14:15,SELL,39,7,0.043718113854937964,0.07926936028883293,0.10689799906293662,0.7926936028882324
14:20,BUY,35,6,0.056998684340759935,0.11638446390846356,0.15659658518013322,1.1638446390849186
14:20,SELL,36,7,0.04015545906963548,0.07964236417261765,0.09978943097193368,0.7964236417263064
14:25,BUY,50,7,0.038187634198624226,0.0873751267115293,0.12186446842141974,0.8737512671154288
14:25,SELL,47,7,0.04397209917704814,0.07914418085782793,0.10360923171924141,0.791441808577856
14:30,BUY,37,7,0.03947816982155617,0.07432113677010632,0.09897526793702184,0.7432113677010631
14:30,SELL,41,7,0.04293189599481469,0.07805669717304214,0.10635207176077956,0.7805669717303414
14:35,BUY,33,7,0.02938575976225674,0.08864903122933905,0.1221615760214626,0.8864903122941432
14:35,SELL,37,7,0.04336620416090374,0.06206227199099567,0.08518046722927676,0.6206227199097983
14:40,BUY,40,7,0.037411700865519065,0.08858755488558961,0.12654323288864688,0.8858755488561652
14:40,SELL,38,7,0.0813396899906269,0.09337822517531885,0.11532392661612048,0.933782251752741
14:45,BUY,50,7,0.06354836728747743,0.11296940269667119,0.14605736663786467,1.129694026966976
14:45,SELL,48,7,0.05411704412339452,0.09267201781978976,0.12177478642983978,0.9267201781976938
14:50,BUY,47,7,0.0819400068168701,0.1047274067981315,0.14313104143351826,1.047274067981211
14:50,SELL,38,7,0.03452119913251156,0.0942060661994345,0.12669132491415597,0.9420606619940701
14:55,BUY,57,7,0.06809548938186749,0.1174235912112991,0.14952724803601716,1.174235912112876
14:55,SELL,32,6,0.050725541815538275,0.07308648723144401,0.09517584861928041,0.7308648723139837
15:00,BUY,52,7,0.06035658506422568,0.10674738653269197,0.13422154799791405,1.0674738653272167
15:00,SELL,41,7,0.0473676994797238,0.08838413184180069,0.11641239741302047,0.8838413184167233
15:05,BUY,59,7,0.09578876662841322,0.1406285714145181,0.18565009461333584,1.4062857141447174
15:05,SELL,64,7,0.07172708752450566,0.1200839511855262,0.16206914435714392,1.2008395118551727
15:10,BUY,55,7,0.05517916037256571,0.1269284165963291,0.168329391308771,1.2692841659638647
15:10,SELL,52,7,0.06627391985020037,0.09684776528833187,0.12442167062706537,0.9684776528834418
15:15,BUY,30,7,0.07364515324787922,0.10715911434016645,0.14541984122284157,1.0715911434016034
15:15,SELL,37,7,0.05271551849880526,0.08549167071347587,0.1130461363923348,0.8549167071351689
15:20,BUY,38,7,0.06372236072185952,0.08871459398077838,0.11343603771776908,0.8871459398081384
15:20,SELL,34,7,0.0640223299969532,0.10481521350579767,0.14024805464227427,1.0481521350579075
15:25,BUY,28,6,0.03924022170981647,0.1045161633257206,0.14068484270689513,1.0451616332576634
15:25,SELL,30,7,0.060401042265409224,0.08417075360018243,0.10607890840483508,0.8417075360014581
