GROUP,TRADES,AVG_MFE_R,MEDIAN_MFE_R,AVG_MAE_R,MEDIAN_MAE_R,TARGET_2R_RATE_PCT,STOP_1R_RATE_PCT,AVG_ENTRY_VWAP_DISTANCE,AVG_SIGNAL_VWAP_DISTANCE,AVG_ORB_RANGE
20,322,1.7084379513781434,1.1167209876543196,2.057508800689383,1.4537378263052347,29.81366459627329,66.14906832298136,2.9545875329632603,3.06974859744685,7.160403726708086
25,165,1.850844195985068,1.3939595959596285,1.99379764442693,1.4230350877192919,37.57575757575757,62.42424242424243,2.9098744213084804,2.897073980895668,6.863515151515157
30,112,1.7833656602120098,1.346389228418638,2.2745634699568127,1.4484605431018758,35.714285714285715,64.28571428571429,2.818886024280276,2.8060765464581783,6.645446428571428
35,119,1.8867316397343428,1.3078072289156555,1.9822146006536094,1.1591032258064453,33.61344537815126,53.78151260504202,2.9831214588440527,2.9053573945560736,7.1472268907563095
40,77,1.9161603280963486,1.2155890410959058,1.782510707222459,1.3275703125000027,32.467532467532465,62.33766233766234,2.296048361297807,2.1961673697244377,5.35051948051948
45,64,1.6083533141138981,1.2340594525823576,2.0656092380450164,1.6440327976817635,23.4375,67.1875,3.101514267018027,3.002334294743233,6.66375
50,64,1.5399914088205828,0.8843193493150445,1.9376681848724921,1.3480718718967246,26.5625,57.8125,2.808849728652036,2.693122840485775,5.842812500000006
55,57,1.7074269217263562,1.2150756302520902,1.5976291130013358,1.3238666666666619,33.33333333333333,63.1578947368421,2.836224893066767,2.8512365838289684,6.242280701754391
60,50,1.7251442611083496,1.2648265306122806,2.004643533051605,1.4542416010895844,34.0,62.0,3.0151334420147564,2.8593900343921814,5.899399999999997
65,24,1.9281478902085702,1.7295708450704605,1.058998340164969,0.897681596884136,29.166666666666668,33.33333333333333,3.483129740069892,3.381503338407723,7.372500000000002
70,39,1.7475869600288256,1.173542288557213,1.6685636846156666,1.3493902439024406,35.8974358974359,53.84615384615385,3.2478453926327835,3.1390156571849874,6.727948717948728
75,31,1.290121546076907,0.9118347107438167,1.664917896528611,1.220396694214852,16.129032258064516,54.83870967741935,3.881865633781443,3.7604294438273502,8.486129032258077
80,31,1.7329677544243418,1.2075884244372987,1.3086508874309184,0.9339270833333627,38.70967741935484,45.16129032258064,2.8318216770343665,2.6626903059293783,4.908064516129033
85,36,1.667311671692985,0.9152122019635504,1.8164321278283566,1.5238218390804499,36.11111111111111,61.111111111111114,3.726219895234733,3.4550759169017433,6.985833333333364
90,34,1.3037286682219116,0.7379855913978522,1.6165834859699388,1.1579999999999946,20.588235294117645,58.82352941176471,3.095013850256196,2.9248030324079273,7.145294117647067
95,23,0.9223183408465674,0.7754857142857158,1.9356259621633127,1.6389589041096397,13.043478260869565,69.56521739130434,2.491037768805749,2.2747163243108797,4.621739130434782
100,19,1.2833073025026196,0.7291796874999815,1.653090170686791,0.908693693693684,26.31578947368421,42.10526315789473,3.4161061088498577,3.384226041074741,6.483684210526305
105,15,1.8272409387384774,1.2040298507462752,1.4464052420958382,0.9210096153846234,33.33333333333333,46.666666666666664,2.4565328204596684,2.2850919597347445,3.4773333333333256
110,18,1.8217273068412685,1.1691379310344887,1.8857165989538922,1.1751843220338976,27.77777777777778,50.0,3.1776657638233297,3.0397087100332745,5.819444444444438
115,13,1.218718613911281,1.0094347826087124,2.1469793647917905,1.340641791044831,15.384615384615385,61.53846153846154,3.833808264948656,3.6822615838668393,6.381538461538472
120,16,1.1211712228009016,0.7817622636210471,1.21227615863798,0.9481102484472093,18.75,50.0,4.141983875112332,4.088426304000107,10.21125000000002
125,25,1.807155532878425,1.2951703703703836,1.1329813158051056,0.7829879518072257,40.0,44.0,2.332242871550505,2.1593222894311483,4.490400000000003
130,16,1.357673053718581,1.082867681159383,1.1193984143753304,0.8035724637681372,25.0,37.5,3.3011345684277176,3.086458686411583,5.802500000000016
135,18,0.9979439816186153,1.0317273271276581,1.863894905720093,1.5106202408702387,16.666666666666664,72.22222222222221,1.6029934834397421,1.4903946970041995,3.3027777777777696
140,14,2.8338246054355625,2.4062837223713904,1.0925848449983222,0.7000078563412333,64.28571428571429,28.57142857142857,3.353253416218474,3.052522327244238,6.457142857142862
145,14,1.1330360881570378,1.1573151063242246,1.2552559358614825,0.7694413145539921,7.142857142857142,42.857142857142854,2.4844725325152437,2.2365811972757226,4.290714285714298
150,16,1.1967905440444915,0.899407513037807,1.3438626756650383,1.1040267431296866,25.0,50.0,2.888364022593751,2.6856773730138492,5.4012500000000045
155,17,1.149158172595587,0.7525810810811014,1.173188402396319,0.7500247933884244,17.647058823529413,47.05882352941176,3.9814570087302843,3.7653284608006876,7.017058823529425
160,14,1.7327321704843452,1.116872967980315,1.028626505262626,0.9589814943326329,35.714285714285715,50.0,2.738411604217634,2.541036602583582,5.055000000000011
165,13,1.6747364227268204,0.7929847328244289,0.7092905694560661,0.7201916932907441,38.46153846153847,30.76923076923077,2.6533585530038835,2.5366932473115407,4.471538461538463
170,18,1.4363665747607217,1.2016936507936657,1.0392408849266814,0.7606153333333416,27.77777777777778,44.44444444444444,3.428000388324866,3.1584199021029606,5.716111111111139
175,10,1.162709762468833,1.1632500000000006,0.9870793047524471,0.5367500000000027,10.0,20.0,1.8955035720516888,1.7720483499034536,3.7150000000000043
180,10,1.1195131232972904,0.5796330926689797,1.4213788836931445,1.212897826086979,20.0,70.0,4.338007937353285,4.0556656805414795,9.025000000000032
185,7,1.5975142152517778,1.7081914893616632,2.6855661920240226,0.7586176470588212,28.57142857142857,28.57142857142857,3.59908086908128,3.3866918920143454,5.422857142857152
190,10,1.386704672535751,0.7182938741721969,1.9275964537461387,0.8426754626952091,30.0,40.0,4.500630869625318,4.221516258112517,7.223999999999981
195,10,1.829589110838939,1.128255102040805,1.081287184716477,0.5816683673469499,40.0,40.0,3.5089351138489078,3.378588291971546,3.7480000000000118
200,12,1.070661149123575,0.5600670054200465,1.0654181219536294,0.948233720930232,16.666666666666664,50.0,4.389707901964411,4.144396613097238,7.527499999999989
205,13,1.3919284181526235,1.4485151515151058,0.9297705090112587,0.7366944444444682,23.076923076923077,30.76923076923077,3.3681365181556746,3.151621852072187,5.566923076923093
210,9,1.147873507447442,0.7509999999999977,1.0125308380132276,0.648999999999982,22.22222222222222,44.44444444444444,4.172400217759018,3.743460591794614,7.336666666666657
215,15,1.9287056707318413,1.2993142857142943,1.2798084742341127,0.9775290322580575,33.33333333333333,46.666666666666664,4.002427662719427,3.8174038448286067,6.64
220,3,0.9141188967691031,0.7505933333333322,0.7122483215130032,0.8656999999999849,0.0,0.0,5.310678602634662,5.045392388973568,7.19999999999997
225,11,1.7101616390804417,1.8125739130435001,1.0324850219636745,0.5304952380951998,27.27272727272727,36.36363636363637,2.291362748231549,2.149627673342022,4.5027272727272765
230,11,1.185806605596448,0.8351384615384515,0.8995088781858654,0.7744905660376958,9.090909090909092,27.27272727272727,2.9990368820789546,2.7773434728891147,5.3454545454545634
235,3,1.4245486971805708,1.110253968253955,2.1963199699209404,1.3680892857142366,33.33333333333333,66.66666666666666,5.815616892855208,5.334749960863519,10.366666666666712
240,11,0.9329666797221513,0.6262968750000101,1.5708800278073942,1.2411038961039071,9.090909090909092,63.63636363636363,3.281240599982255,3.024654506370236,4.376363636363634
245,6,0.7772331960598827,0.8351120001957584,1.0272305854503252,1.3181154153600283,0.0,66.66666666666666,3.9779972634067917,3.768193846569877,6.941666666666701
250,12,1.6398824446861084,1.5049523165187435,0.5534861945743109,0.4079904880066091,33.33333333333333,16.666666666666664,4.80608517718463,4.531143343304172,7.029166666666678
255,9,1.323626575194547,0.4856065573770466,1.2451449633978657,0.5942763157894584,33.33333333333333,33.33333333333333,3.9385652729298672,3.7482945470317537,6.500000000000014
260,6,1.4765057182080543,0.6751599999999911,1.3118153212525632,1.0498800000000004,16.666666666666664,50.0,3.9014611123442555,3.6613904520516543,5.565000000000015
265,4,1.0502723904303635,1.1230297619047636,1.229132788088988,1.295638888888888,0.0,50.0,1.1935078189739636,1.1676062880139026,1.622499999999997
270,5,1.0648758167387793,0.9176315789473767,0.4255618328875247,0.541037735849055,0.0,0.0,4.06907861314023,3.8264223771531407,10.335999999999956
275,7,0.47915773427263897,0.2676274509803977,1.4611047507414487,1.987274509803906,0.0,57.14285714285714,2.5277578851897746,2.275406732791408,8.70857142857143
280,6,1.1402485851457458,1.070115450026156,0.4748344688594656,0.4547114633087409,0.0,0.0,2.2478853289013174,2.1663081552913384,3.1199999999999988
285,9,0.841239477293373,1.1421923076923153,0.9579344358592271,0.8742471910112225,0.0,44.44444444444444,4.460421164217462,4.163315664747818,8.432222222222233
290,7,1.3804583797224783,1.1448333333333607,1.3359198356121953,1.021833333333348,42.857142857142854,57.14285714285714,2.754372213097901,2.573053272812603,4.711428571428537
295,14,1.0714044646373861,0.7724403407424676,0.7909926605867291,0.47458916317193994,14.285714285714285,21.428571428571427,4.773864631101594,4.618358060901293,8.436428571428577
300,10,1.1597692445740286,1.0510691440755355,0.5993709518796037,0.38174696969696587,10.0,20.0,2.5556779861005006,2.2976685488136765,4.446999999999989
305,14,0.8121243388646506,0.6088801369863103,0.7117207051463259,0.5667590797330352,7.142857142857142,21.428571428571427,5.216016825500485,4.968806599031041,8.059285714285675
310,13,0.6558001202586473,0.6057974683544372,0.9085110283611532,0.8790166666666815,0.0,38.46153846153847,3.5634046450103063,3.3797187044977743,5.96076923076921
315,7,0.47721232008261516,0.23873041474654394,0.6815999441827937,0.5349106145251374,14.285714285714285,28.57142857142857,4.922026774406687,4.821934532492233,11.021428571428572
320,8,1.5654671599903918,0.8782939622641495,1.10074259858159,0.8423408897403146,37.5,50.0,1.8591237139307406,1.7011365744683316,2.769999999999998
325,9,1.0197228534672116,0.7592635135135195,0.6977956088176774,0.35394174757284486,0.0,22.22222222222222,3.45796872759861,3.0946781927489693,6.720000000000015
330,12,0.6123304458128769,0.42024782608698824,0.8204486463956088,0.6627648829431392,8.333333333333332,33.33333333333333,4.265097791745333,3.9756739169788116,7.8133333333333495
335,10,0.5234557608866275,0.10458188195451099,1.1983856314596706,1.1531249299720026,10.0,60.0,2.6529456884944578,2.3886116190319227,4.071999999999982
340,9,0.6668701396626849,0.37028104575163556,1.015117361065177,0.9657317073170799,11.11111111111111,44.44444444444444,1.976820531346394,1.7761812620501942,3.0200000000000085
345,11,0.41994880193827683,0.36961538461537735,0.7571585578822578,0.6388064516129076,0.0,18.181818181818183,2.705153111177302,2.602511056927355,5.908181818181836
350,13,0.4758586916938782,0.2528253012047881,0.703216963959062,0.57322429906541,0.0,15.384615384615385,3.3366409026670474,3.218557982899729,6.124615384615387
355,20,0.41184753425014725,0.14293065900547103,0.6627437156641427,0.657476442307699,5.0,15.0,3.3154798597715653,3.1329539127997603,6.854500000000023
360,8,0.34321333165749357,0.333259070294799,0.9447147976140964,0.625024358130353,0.0,12.5,2.6811231657959427,2.4717238486444537,5.403750000000006
365,7,0.5088470649761484,0.5425857142857061,0.5919374592051582,0.49837142857142935,0.0,14.285714285714285,3.5789469642835954,3.4086910117121545,6.117142857142844
370,15,0.4920280471948408,0.09406358381503521,0.5533124762305858,0.34359375000001496,13.333333333333334,13.333333333333334,5.16255555612942,5.0137196340977805,9.110666666666665
