variant,threshold_pct,entry_hour,trades,total_net_pnl,avg_net_pnl,total_net_r,avg_net_r
EMA_GAP_0P05PCT,0.05,09:35,240,-393.8270760349997,-1.6409461501458322,-136.79181282908345,-0.5699658867878478
EMA_GAP_0P05PCT,0.05,09:40,109,-73.08893206999907,-0.6705406611926521,-19.131438253993622,-0.17551778214673047
EMA_GAP_0P05PCT,0.05,09:45,74,-83.52079120500012,-1.1286593406081098,-38.93445864874221,-0.5261413330911109
EMA_GAP_0P05PCT,0.05,09:50,76,-81.76604582500035,-1.0758690240131625,-24.25657336863677,-0.31916543906101014
EMA_GAP_0P05PCT,0.05,09:55,51,-83.51523968500037,-1.6375537193137326,-27.804239388070542,-0.5451811644719714
EMA_GAP_0P05PCT,0.05,10:00,38,-118.23427318000007,-3.1114282415789494,-23.751367113239304,-0.6250359766641922
EMA_GAP_0P05PCT,0.05,10:05,40,-74.19790382000008,-1.8549475955000019,-16.91514452148705,-0.4228786130371763
EMA_GAP_0P05PCT,0.05,10:10,34,-84.26126532499974,-2.478272509558816,-11.306554229070267,-0.3325457126197137
EMA_GAP_0P05PCT,0.05,10:15,29,-11.308064555000032,-0.3899332605172425,-10.799654758389384,-0.37240188822032355
EMA_GAP_0P05PCT,0.05,10:20,20,16.99066860000022,0.849533430000011,-0.31817151357211426,-0.015908575678605714
EMA_GAP_0P05PCT,0.05,10:25,30,-20.93044438499971,-0.6976814794999904,-2.7737336459531368,-0.09245778819843789
EMA_GAP_0P05PCT,0.05,10:30,22,-45.40366539500013,-2.063802972500006,-9.096624895091365,-0.4134829497768802
EMA_GAP_0P05PCT,0.05,10:35,24,-16.698918954999662,-0.6957882897916526,-1.0253524573475983,-0.042723019056149926
EMA_GAP_0P05PCT,0.05,10:40,26,-46.80253704000039,-1.8000975784615534,-13.326483932292552,-0.5125570743189443
EMA_GAP_0P05PCT,0.05,10:45,30,-56.02706569000016,-1.8675688563333386,-15.240893479964102,-0.50802978266547
EMA_GAP_0P05PCT,0.05,10:50,18,-28.074633685000222,-1.5597018713889013,-10.299488793095541,-0.5721938218386412
EMA_GAP_0P05PCT,0.05,10:55,14,-22.812641964999987,-1.6294744260714276,-6.456272869389089,-0.46116234781350635
EMA_GAP_0P05PCT,0.05,11:00,12,-12.388546209999847,-1.0323788508333205,-4.83223954606016,-0.40268662883834666
EMA_GAP_0P05PCT,0.05,11:05,14,-24.437413775000373,-1.7455295553571695,-5.000384921168499,-0.35717035151203563
EMA_GAP_0P05PCT,0.05,11:10,11,-23.646559554999865,-2.149687232272715,-5.340975986431509,-0.4855432714937736
EMA_GAP_0P05PCT,0.05,11:15,15,-18.000493150000032,-1.2000328766666688,-2.2494795248273896,-0.1499653016551593
EMA_GAP_0P05PCT,0.05,11:20,20,-30.295599139999837,-1.5147799569999918,-0.7544633983552548,-0.03772316991776274
EMA_GAP_0P05PCT,0.05,11:25,14,-33.13526917000011,-2.3668049407142933,-4.640948146469713,-0.331496296176408
EMA_GAP_0P05PCT,0.05,11:30,15,-3.3254482349999144,-0.2216965489999943,-9.482942058795773,-0.6321961372530516
EMA_GAP_0P05PCT,0.05,11:35,10,23.778917585000222,2.3778917585000223,6.411810081301588,0.6411810081301588
EMA_GAP_0P05PCT,0.05,11:40,12,-10.627031065000004,-0.8855859220833336,-1.8297346274209838,-0.15247788561841533
EMA_GAP_0P05PCT,0.05,11:45,13,-4.467510514999945,-0.34365465499999576,-2.8046120406418416,-0.2157393877416801
EMA_GAP_0P05PCT,0.05,11:50,17,-48.82864484000018,-2.8722732258823633,-8.384483718619618,-0.49320492462468346
EMA_GAP_0P05PCT,0.05,11:55,13,-22.860388629999882,-1.758491433076914,-5.854758691072558,-0.4503660531594275
EMA_GAP_0P05PCT,0.05,12:00,13,2.563289950000371,0.19717615000002853,-1.1399383363465456,-0.08768756433434967
EMA_GAP_0P05PCT,0.05,12:05,16,3.5660260249997986,0.2228766265624874,-0.026965555799623786,-0.0016853472374764866
EMA_GAP_0P05PCT,0.05,12:10,8,-6.4127994750000745,-0.8015999343750093,-0.5146298699381651,-0.06432873374227063
EMA_GAP_0P05PCT,0.05,12:15,10,-39.1442835450004,-3.91442835450004,-10.905643199804341,-1.0905643199804342
EMA_GAP_0P05PCT,0.05,12:20,7,12.254983600000315,1.750711942857188,-0.39099065798129023,-0.055855808283041465
EMA_GAP_0P05PCT,0.05,12:25,10,-11.02536942000018,-1.102536942000018,-2.4429623116217005,-0.24429623116217006
EMA_GAP_0P05PCT,0.05,12:30,9,12.037366209999826,1.3374851344444252,3.856774372293768,0.42853048581041864
EMA_GAP_0P05PCT,0.05,12:35,12,-17.739281919999915,-1.4782734933333261,-8.603350622466627,-0.7169458852055522
EMA_GAP_0P05PCT,0.05,12:40,13,-18.643198510000158,-1.4340921930769353,-3.0337064614295244,-0.2333620354945788
EMA_GAP_0P05PCT,0.05,12:45,9,-35.190204244999684,-3.9100226938888536,-4.9157584748574505,-0.5461953860952723
EMA_GAP_0P05PCT,0.05,12:50,14,15.273071955000157,1.0909337110714399,-3.4317789817638884,-0.24512707012599202
EMA_GAP_0P05PCT,0.05,12:55,3,-4.2358215150000715,-1.4119405050000238,-1.1260464228841975,-0.37534880762806583
EMA_GAP_0P05PCT,0.05,13:00,10,11.34528663499968,1.1345286634999678,1.2777177440922545,0.12777177440922544
EMA_GAP_0P05PCT,0.05,13:05,9,-16.997511875000175,-1.888612430555575,-2.3235345951333497,-0.2581705105703722
EMA_GAP_0P05PCT,0.05,13:10,2,-17.36781180000009,-8.683905900000045,-2.9282463690476086,-1.4641231845238043
EMA_GAP_0P05PCT,0.05,13:15,11,-14.814354420000065,-1.3467594927272786,-10.00738326915251,-0.909762115377501
EMA_GAP_0P05PCT,0.05,13:20,5,-21.73198567500008,-4.346397135000016,-4.7723272278150874,-0.9544654455630175
EMA_GAP_0P05PCT,0.05,13:25,12,10.384860334999882,0.8654050279166569,1.0488475813385438,0.08740396511154531
EMA_GAP_0P05PCT,0.05,13:30,8,2.506996055000092,0.3133745068750115,0.35335131138482256,0.04416891392310282
EMA_GAP_0P05PCT,0.05,13:35,5,-8.51608646500007,-1.703217293000014,-3.992521725373864,-0.7985043450747729
EMA_GAP_0P05PCT,0.05,13:40,4,0.8888559149999701,0.22221397874999252,-1.1617571363475325,-0.29043928408688313
EMA_GAP_0P05PCT,0.05,13:45,4,2.30053433000006,0.575133582500015,0.6799756758277447,0.16999391895693616
EMA_GAP_0P05PCT,0.05,13:50,6,-8.507798125000047,-1.4179663541666745,-5.6392342597296485,-0.939872376621608
EMA_GAP_0P05PCT,0.05,13:55,6,-1.8637119749999804,-0.31061866249999676,-0.8358664478216417,-0.13931107463694029
EMA_GAP_0P05PCT,0.05,14:00,6,-26.416156899999862,-4.402692816666644,-4.554395529706035,-0.7590659216176725
EMA_GAP_0P05PCT,0.05,14:05,7,-0.8517744599997226,-0.12168206571424608,0.2213198596516418,0.0316171228073774
EMA_GAP_0P05PCT,0.05,14:10,13,-13.262551485000351,-1.02019626807695,-4.897705317427753,-0.3767465628790579
EMA_GAP_0P05PCT,0.05,14:15,8,7.527229209999856,0.940903651249982,2.612744046632106,0.32659300582901324
EMA_GAP_0P05PCT,0.05,14:20,14,-31.907608904999563,-2.279114921785683,-2.7141335906061936,-0.19386668504329954
EMA_GAP_0P05PCT,0.05,14:25,10,-4.085626445000062,-0.40856264450000623,-6.055776888675816,-0.6055776888675817
EMA_GAP_0P05PCT,0.05,14:30,7,8.504230980000049,1.214890140000007,-1.619341095836032,-0.23133444226229027
EMA_GAP_0P05PCT,0.05,14:35,8,-4.08654399500012,-0.510817999375015,0.433743786899087,0.054217973362385874
EMA_GAP_0P05PCT,0.05,14:40,5,-7.964578600000112,-1.5929157200000224,-1.921327919741307,-0.3842655839482614
EMA_GAP_0P05PCT,0.05,14:45,10,-28.77382435999999,-2.8773824359999987,-7.201448559169473,-0.7201448559169472
EMA_GAP_0P05PCT,0.05,14:50,9,-20.711767499999993,-2.301307499999999,-6.16233436649476,-0.6847038184994179
EMA_GAP_0P05PCT,0.05,14:55,8,-5.884289865000017,-0.7355362331250022,-4.566844483759329,-0.5708555604699161
EMA_GAP_0P05PCT,0.05,15:00,10,-31.399168910000196,-3.1399168910000195,-6.372211398117853,-0.6372211398117853
EMA_GAP_0P05PCT,0.05,15:05,11,-27.904611499999916,-2.536782863636356,-6.923455301460821,-0.6294050274055292
EMA_GAP_0P05PCT,0.05,15:10,16,-40.344772944999114,-2.5215483090624446,-9.356282398360875,-0.5847676498975547
EMA_GAP_0P05PCT,0.05,15:15,5,-9.904470299999856,-1.9808940599999711,-1.435020913753375,-0.28700418275067496
EMA_GAP_0P05PCT,0.05,15:20,4,-14.313262230000282,-3.5783155575000705,-2.330000236340643,-0.5825000590851608
EMA_GAP_0P05PCT,0.05,15:25,13,-32.339341835000205,-2.4876416796154004,-6.209531842787961,-0.47765629559907397
EMA_GAP_0P1PCT,0.1,09:35,207,-349.9863292599994,-1.6907552138164224,-121.30504803927874,-0.5860147248274336
EMA_GAP_0P1PCT,0.1,09:40,99,-58.303118849998796,-0.5889203924242302,-10.364152128935267,-0.10468840534278047
EMA_GAP_0P1PCT,0.1,09:45,61,-75.51370133500035,-1.2379295300819728,-34.725574817635625,-0.5692717183218955
EMA_GAP_0P1PCT,0.1,09:50,71,-74.22716060500014,-1.0454529662676075,-23.445899332923084,-0.3302239342665223
EMA_GAP_0P1PCT,0.1,09:55,45,-77.44622190500033,-1.7210271534444517,-27.135613223749658,-0.6030136271944369
EMA_GAP_0P1PCT,0.1,10:00,33,-107.99503939000022,-3.2725769512121277,-16.46991097842966,-0.49908821146756543
EMA_GAP_0P1PCT,0.1,10:05,34,-62.50101078,-1.8382650229411766,-12.298021753287328,-0.36170652215550964
EMA_GAP_0P1PCT,0.1,10:10,30,-86.35537700499974,-2.8785125668333245,-11.320433124943976,-0.37734777083146587
EMA_GAP_0P1PCT,0.1,10:15,26,-13.198227325000069,-0.5076241278846181,-9.49832093675432,-0.3653200360290123
EMA_GAP_0P1PCT,0.1,10:20,19,16.583569100000073,0.8728194263157933,-0.37632858500070687,-0.01980676763161615
EMA_GAP_0P1PCT,0.1,10:25,25,-46.00586218499999,-1.8402344873999996,-4.523868490323707,-0.18095473961294828
EMA_GAP_0P1PCT,0.1,10:30,19,-38.86507974499995,-2.0455305128947345,-8.098571988212708,-0.42624063095856357
EMA_GAP_0P1PCT,0.1,10:35,19,-20.579596674999852,-1.0831366671052554,-5.271795180481335,-0.27746290423585973
EMA_GAP_0P1PCT,0.1,10:40,19,-47.97919944000048,-2.5252210231579197,-12.927327660421797,-0.6803856663379894
EMA_GAP_0P1PCT,0.1,10:45,26,-46.878122390000044,-1.803004707307694,-16.564386139181163,-0.6370917745838909
EMA_GAP_0P1PCT,0.1,10:50,15,-25.460461475000045,-1.6973640983333362,-10.072703128506824,-0.6715135419004549
EMA_GAP_0P1PCT,0.1,10:55,10,2.194283934999877,0.21942839349998772,0.7584435081962546,0.07584435081962546
EMA_GAP_0P1PCT,0.1,11:00,9,-4.007642189999982,-0.44529357666666464,-2.059384684031059,-0.22882052044789544
EMA_GAP_0P1PCT,0.1,11:05,10,-22.159899195000136,-2.2159899195000134,-4.019338740873425,-0.4019338740873425
EMA_GAP_0P1PCT,0.1,11:10,10,-11.736726054999863,-1.1736726054999864,-3.97985215786008,-0.397985215786008
EMA_GAP_0P1PCT,0.1,11:15,9,-2.0328026500000966,-0.22586696111112184,1.8588661005153,0.20654067783503333
EMA_GAP_0P1PCT,0.1,11:20,14,-12.912344280000033,-0.9223103057142881,0.9556128689142165,0.06825806206530118
EMA_GAP_0P1PCT,0.1,11:25,11,-18.543524020000017,-1.6857749109090925,-1.1514873727938277,-0.10468067025398434
EMA_GAP_0P1PCT,0.1,11:30,14,-3.7496725699999214,-0.2678337549999944,-10.013222477545774,-0.7152301769675553
EMA_GAP_0P1PCT,0.1,11:35,6,14.4519299250001,2.4086549875000167,5.6007264155151,0.9334544025858501
EMA_GAP_0P1PCT,0.1,11:40,7,-0.4034533550000115,-0.05763619357143022,0.24903889872275675,0.03557698553182239
EMA_GAP_0P1PCT,0.1,11:45,7,6.968486130000081,0.9954980185714402,2.6748753348865995,0.38212504784094276
EMA_GAP_0P1PCT,0.1,11:50,11,-29.15322979999992,-2.650293618181811,-5.382197051960958,-0.4892906410873598
EMA_GAP_0P1PCT,0.1,11:55,9,-9.119028180000194,-1.0132253533333548,-2.9803611366086975,-0.3311512374009664
EMA_GAP_0P1PCT,0.1,12:00,9,-2.979685110000005,-0.3310761233333339,-3.7098851488540774,-0.41220946098378636
EMA_GAP_0P1PCT,0.1,12:05,11,-1.895628875000305,-0.17232989772730045,1.9335989242790304,0.17578172038900275
EMA_GAP_0P1PCT,0.1,12:10,7,1.4811054250000615,0.21158648928572307,1.0331946202578985,0.14759923146541407
EMA_GAP_0P1PCT,0.1,12:15,5,-3.47946179500022,-0.695892359000044,-4.273957179422165,-0.8547914358844331
EMA_GAP_0P1PCT,0.1,12:20,4,9.1007822600002,2.27519556500005,0.2600088523943531,0.06500221309858828
EMA_GAP_0P1PCT,0.1,12:25,8,-15.618351469999807,-1.9522939337499758,-3.348941716789399,-0.41861771459867486
EMA_GAP_0P1PCT,0.1,12:30,7,7.077102159999898,1.0110145942856996,2.400542134486791,0.34293459064097015
EMA_GAP_0P1PCT,0.1,12:35,8,1.7356089800001282,0.21695112250001602,-3.0061856792857107,-0.37577320991071383
EMA_GAP_0P1PCT,0.1,12:40,5,-12.10845866000002,-2.4216917320000038,-3.885846878765717,-0.7771693757531434
EMA_GAP_0P1PCT,0.1,12:45,5,-11.415477270000004,-2.2830954540000006,-0.18991429144944583,-0.03798285828988916
EMA_GAP_0P1PCT,0.1,12:50,11,29.314823780000136,2.6649839800000126,0.4265729831891434,0.03877936210810395
EMA_GAP_0P1PCT,0.1,12:55,2,-2.396044340000026,-1.198022170000013,-0.30836767843973273,-0.15418383921986636
EMA_GAP_0P1PCT,0.1,13:00,9,10.56813961499967,1.1742377349999633,-0.20256229400298897,-0.022506921555887665
EMA_GAP_0P1PCT,0.1,13:05,6,-15.44907893500025,-2.5748464891667084,-2.4196703873878094,-0.4032783978979682
EMA_GAP_0P1PCT,0.1,13:10,1,-8.726689199999955,-8.726689199999955,-1.3851887619047647,-1.3851887619047647
EMA_GAP_0P1PCT,0.1,13:15,7,-3.5261916649999474,-0.5037416664285639,-6.220670592642236,-0.8886672275203195
EMA_GAP_0P1PCT,0.1,13:20,4,-20.87333747500012,-5.21833436875003,-4.368257486638637,-1.0920643716596592
EMA_GAP_0P1PCT,0.1,13:25,9,10.928430719999852,1.2142700799999835,1.8605348935299597,0.20672609928110663
EMA_GAP_0P1PCT,0.1,13:30,7,6.181120804999951,0.8830172578571359,0.6756429561216561,0.09652042230309374
EMA_GAP_0P1PCT,0.1,13:35,4,-2.7661356650000237,-0.6915339162500059,-2.043385860967099,-0.5108464652417748
EMA_GAP_0P1PCT,0.1,13:40,4,0.8888559149999701,0.22221397874999252,-1.1617571363475325,-0.29043928408688313
EMA_GAP_0P1PCT,0.1,13:45,4,2.30053433000006,0.575133582500015,0.6799756758277447,0.16999391895693616
EMA_GAP_0P1PCT,0.1,13:50,4,-10.218200210000123,-2.554550052500031,-5.384705066451914,-1.3461762666129784
EMA_GAP_0P1PCT,0.1,13:55,3,1.6512504499999776,0.5504168166666592,0.7711063127844018,0.2570354375948006
EMA_GAP_0P1PCT,0.1,14:00,2,-15.206970260000006,-7.603485130000003,-2.0409314785560704,-1.0204657392780352
EMA_GAP_0P1PCT,0.1,14:05,6,5.464868340000187,0.9108113900000312,1.9759428596516613,0.32932380994194355
EMA_GAP_0P1PCT,0.1,14:10,13,-13.262551485000351,-1.02019626807695,-4.897705317427753,-0.3767465628790579
EMA_GAP_0P1PCT,0.1,14:15,7,7.815418809999842,1.1164884014285488,2.859059944067994,0.40843713486685623
EMA_GAP_0P1PCT,0.1,14:20,10,-18.031015654999496,-1.8031015654999496,-0.8603222345721686,-0.08603222345721687
EMA_GAP_0P1PCT,0.1,14:25,7,-0.7120154850000378,-0.10171649785714824,-3.7525193904785636,-0.5360741986397948
EMA_GAP_0P1PCT,0.1,14:30,4,11.937294279999977,2.984323569999994,0.28761379402349596,0.07190344850587399
EMA_GAP_0P1PCT,0.1,14:35,5,0.6433532099999293,0.12867064199998585,0.7647302648763028,0.15294605297526057
EMA_GAP_0P1PCT,0.1,14:40,3,3.1353980000000243,1.0451326666666747,1.874761542202449,0.6249205140674831
EMA_GAP_0P1PCT,0.1,14:45,7,-16.30120435999987,-2.3287434799999813,-3.689393075619721,-0.5270561536599602
EMA_GAP_0P1PCT,0.1,14:50,4,-0.6890191799999894,-0.17225479499999735,0.1144694781683615,0.028617369542090376
EMA_GAP_0P1PCT,0.1,14:55,8,-5.884289865000017,-0.7355362331250022,-4.566844483759329,-0.5708555604699161
EMA_GAP_0P1PCT,0.1,15:00,6,-19.309710340000073,-3.2182850566666787,-2.3537075058831727,-0.3922845843138621
EMA_GAP_0P1PCT,0.1,15:05,6,-16.67746719999986,-2.7795778666666435,-3.4577383199075515,-0.5762897199845919
EMA_GAP_0P1PCT,0.1,15:10,7,-18.679730589999775,-2.668532941428539,-3.5838685661399254,-0.511981223734275
EMA_GAP_0P1PCT,0.1,15:15,4,-9.885244169999854,-2.4713110424999636,-1.3730011395598227,-0.3432502848899557
EMA_GAP_0P1PCT,0.1,15:20,4,-14.313262230000282,-3.5783155575000705,-2.330000236340643,-0.5825000590851608
EMA_GAP_0P1PCT,0.1,15:25,10,-20.844409735000177,-2.084440973500018,-4.149448284364567,-0.4149448284364567
EMA_GAP_0P2PCT,0.2,09:35,151,-225.25478702999908,-1.4917535564900601,-77.74061333022415,-0.5148384988756566
EMA_GAP_0P2PCT,0.2,09:40,73,-30.63367519999908,-0.4196393863013572,4.756119291315764,0.06515231905912006
EMA_GAP_0P2PCT,0.2,09:45,39,-8.755800265001144,-0.2245076991025934,-13.32942174384697,-0.34178004471402484
EMA_GAP_0P2PCT,0.2,09:50,52,-50.091631690000675,-0.9633006094230899,-8.475313187336456,-0.1629867920641626
EMA_GAP_0P2PCT,0.2,09:55,33,-33.41903835000049,-1.0126981318181967,-14.99327940930165,-0.45434180028186816
EMA_GAP_0P2PCT,0.2,10:00,25,-76.22431816000027,-3.048972726400011,-8.724178112639063,-0.3489671245055625
EMA_GAP_0P2PCT,0.2,10:05,23,-49.84760201999988,-2.167287044347821,-11.782124831179942,-0.5122662970078236
EMA_GAP_0P2PCT,0.2,10:10,24,-65.95172252499994,-2.747988438541664,-5.245386857075701,-0.21855778571148754
EMA_GAP_0P2PCT,0.2,10:15,16,22.714847389999644,1.4196779618749777,0.5419537467486124,0.033872109171788276
EMA_GAP_0P2PCT,0.2,10:20,15,12.328167999999856,0.8218778666666571,1.1177882081945363,0.07451921387963575
EMA_GAP_0P2PCT,0.2,10:25,14,-1.4867475050001078,-0.10619625035715055,4.885971257260978,0.34899794694721276
EMA_GAP_0P2PCT,0.2,10:30,12,-30.15417696500007,-2.5128480804166724,-3.355547977783078,-0.2796289981485898
EMA_GAP_0P2PCT,0.2,10:35,10,3.7598892600000626,0.3759889260000063,0.016593186044038588,0.001659318604403859
EMA_GAP_0P2PCT,0.2,10:40,10,-15.368273700000268,-1.5368273700000268,-4.631797494764818,-0.46317974947648183
EMA_GAP_0P2PCT,0.2,10:45,11,-14.950228485000228,-1.3591116804545662,-4.110002944553266,-0.3736366313230242
EMA_GAP_0P2PCT,0.2,10:50,11,-15.259399695000061,-1.3872181540909148,-7.812726640452587,-0.7102478764047806
EMA_GAP_0P2PCT,0.2,10:55,9,5.159700684999921,0.5733000761111023,1.2217898753837713,0.1357544305981968
EMA_GAP_0P2PCT,0.2,11:00,1,4.143505850000023,4.143505850000023,1.7086622061855683,1.7086622061855683
EMA_GAP_0P2PCT,0.2,11:05,6,-17.01051199000015,-2.8350853316666917,-1.7239276088586597,-0.28732126814310993
EMA_GAP_0P2PCT,0.2,11:10,2,4.551846520000216,2.275923260000108,-0.5911384795482536,-0.2955692397741268
EMA_GAP_0P2PCT,0.2,11:15,5,13.40850282499998,2.681700564999996,4.729262501129918,0.9458525002259837
EMA_GAP_0P2PCT,0.2,11:20,7,-12.526787685000016,-1.789541097857145,-4.3994973972557965,-0.6284996281793995
EMA_GAP_0P2PCT,0.2,11:25,7,-3.319993345000029,-0.47428476357143273,1.2448433412080604,0.17783476302972293
EMA_GAP_0P2PCT,0.2,11:30,7,12.609683579999873,1.8013833685714105,-0.20810226099504447,-0.029728894427863497
EMA_GAP_0P2PCT,0.2,11:35,2,1.1988807549999985,0.5994403774999992,2.3535435063404004,1.1767717531702002
EMA_GAP_0P2PCT,0.2,11:40,3,0.047857715000013915,0.015952571666671304,-0.7188469267749186,-0.2396156422583062
EMA_GAP_0P2PCT,0.2,11:50,5,1.8357733750002008,0.3671546750000402,2.3517746550603555,0.4703549310120711
EMA_GAP_0P2PCT,0.2,11:55,6,-10.584771510000166,-1.7641285850000277,-2.2647585944682627,-0.37745976574471046
EMA_GAP_0P2PCT,0.2,12:00,4,-2.3231146949999766,-0.5807786737499941,-1.8643484305652285,-0.4660871076413071
EMA_GAP_0P2PCT,0.2,12:05,5,1.3051798550000204,0.2610359710000041,1.9016522012817982,0.38033044025635965
EMA_GAP_0P2PCT,0.2,12:10,6,1.2523055350000487,0.2087175891666748,0.6486569900057755,0.10810949833429591
EMA_GAP_0P2PCT,0.2,12:15,4,-0.5395784950002203,-0.13489462375005506,-2.890482685304518,-0.7226206713261295
EMA_GAP_0P2PCT,0.2,12:25,2,-9.53313623999996,-4.76656811999998,0.4629847599067567,0.23149237995337835
EMA_GAP_0P2PCT,0.2,12:30,5,6.62432033999991,1.324864067999982,0.841944488553783,0.1683888977107566
EMA_GAP_0P2PCT,0.2,12:35,3,-0.6230316499999047,-0.20767721666663488,-1.704841746873684,-0.568280582291228
EMA_GAP_0P2PCT,0.2,12:40,2,-2.257593359999971,-1.1287966799999856,-1.5408542598039112,-0.7704271299019556
EMA_GAP_0P2PCT,0.2,12:45,1,0.11446714999999485,0.11446714999999485,0.327048999999984,0.327048999999984
EMA_GAP_0P2PCT,0.2,12:50,7,-1.4052565899997482,-0.20075094142853547,-2.4741114549290026,-0.3534444935612861
EMA_GAP_0P2PCT,0.2,12:55,2,-2.396044340000026,-1.198022170000013,-0.30836767843973273,-0.15418383921986636
EMA_GAP_0P2PCT,0.2,13:00,3,5.143300460000022,1.714433486666674,0.8591940346938933,0.2863980115646311
EMA_GAP_0P2PCT,0.2,13:05,2,-9.619134160000135,-4.809567080000067,-0.955651344637835,-0.4778256723189175
EMA_GAP_0P2PCT,0.2,13:15,3,-1.3303113950000212,-0.4434371316666737,-2.8698697929768215,-0.9566232643256072
EMA_GAP_0P2PCT,0.2,13:20,2,-4.074107774999984,-2.037053887499992,-1.356177102564094,-0.678088551282047
EMA_GAP_0P2PCT,0.2,13:25,2,-0.41068908000003734,-0.20534454000001867,-0.47202806148630083,-0.23601403074315042
EMA_GAP_0P2PCT,0.2,13:30,3,-5.357468940000093,-1.785822980000031,-1.1749801513240719,-0.39166005044135727
EMA_GAP_0P2PCT,0.2,13:35,1,-1.8147724500000262,-1.8147724500000262,-0.1544487191489384,-0.1544487191489384
EMA_GAP_0P2PCT,0.2,13:40,1,1.7951745749999701,1.7951745749999701,0.8548450357142854,0.8548450357142854
EMA_GAP_0P2PCT,0.2,13:45,1,-1.1650551200000074,-1.1650551200000074,-0.6563690816901534,-0.6563690816901534
EMA_GAP_0P2PCT,0.2,13:55,3,1.6512504499999776,0.5504168166666592,0.7711063127844018,0.2570354375948006
EMA_GAP_0P2PCT,0.2,14:00,2,-15.206970260000006,-7.603485130000003,-2.0409314785560704,-1.0204657392780352
EMA_GAP_0P2PCT,0.2,14:05,1,-4.627113249999988,-4.627113249999988,-1.1714210759493675,-1.1714210759493675
EMA_GAP_0P2PCT,0.2,14:10,5,-5.316493650000239,-1.0632987300000478,-2.0980708184421646,-0.4196141636884329
EMA_GAP_0P2PCT,0.2,14:15,4,9.688236785000008,2.422059196250002,2.4201859609030376,0.6050464902257594
EMA_GAP_0P2PCT,0.2,14:20,4,-11.454388909999844,-2.863597227499961,-0.5311198778796933,-0.13277996946992332
EMA_GAP_0P2PCT,0.2,14:25,3,0.35663656500006047,0.11887885500002016,-0.19756252992107193,-0.06585417664035731
EMA_GAP_0P2PCT,0.2,14:30,1,-0.6190532200000037,-0.6190532200000037,-1.1571088224299055,-1.1571088224299055
EMA_GAP_0P2PCT,0.2,14:35,2,1.5329202599999225,0.7664601299999613,1.69391103578945,0.846955517894725
EMA_GAP_0P2PCT,0.2,14:45,5,-12.486383399999879,-2.4972766799999757,-3.5266698582284253,-0.705333971645685
EMA_GAP_0P2PCT,0.2,14:50,2,0.9511511999999915,0.47557559999999577,0.5365416136363639,0.26827080681818194
EMA_GAP_0P2PCT,0.2,14:55,3,-0.21873116499999218,-0.07291038833333073,-1.131599036411337,-0.377199678803779
EMA_GAP_0P2PCT,0.2,15:00,4,-0.23313433999999716,-0.05828358499999929,-0.10546964478961493,-0.026367411197403733
EMA_GAP_0P2PCT,0.2,15:05,3,-0.5222403649999989,-0.1740801216666663,-1.1131272205896698,-0.37104240686322326
EMA_GAP_0P2PCT,0.2,15:10,2,-0.05999496499999822,-0.02999748249999911,-0.25328901530611103,-0.12664450765305552
EMA_GAP_0P2PCT,0.2,15:15,3,-9.735463214999855,-3.2451544049999517,-0.8898367685920866,-0.2966122561973622
EMA_GAP_0P2PCT,0.2,15:20,3,-7.330152230000191,-2.4433840766667303,-0.7429297817952005,-0.24764326059840017
EMA_GAP_0P2PCT,0.2,15:25,4,-10.756727890000102,-2.6891819725000254,-2.476371042330979,-0.6190927605827448
EMA_GAP_0P3PCT,0.3,09:35,102,-46.691341989999366,-0.45775825480391535,-30.546438733677533,-0.29947488954585816
EMA_GAP_0P3PCT,0.3,09:40,48,16.312193350000875,0.3398373614583516,8.528741864252057,0.17768212217191784
EMA_GAP_0P3PCT,0.3,09:45,24,1.4234491649991434,0.05931038187496431,-4.552951913706534,-0.18970632973777224
EMA_GAP_0P3PCT,0.3,09:50,42,-40.54801765500047,-0.9654289917857255,-8.04577029253794,-0.19156595934614143
EMA_GAP_0P3PCT,0.3,09:55,22,-7.116307030000367,-0.323468501363653,-4.419038501721018,-0.20086538644186447
EMA_GAP_0P3PCT,0.3,10:00,17,-52.06235347000002,-3.0624913805882366,-9.056253274294512,-0.5327207808408536
EMA_GAP_0P3PCT,0.3,10:05,15,-37.30164833500015,-2.486776555666677,-5.493896712936246,-0.36625978086241645
EMA_GAP_0P3PCT,0.3,10:10,13,-9.334628320000183,-0.7180483323077064,4.113569721203033,0.316428440092541
EMA_GAP_0P3PCT,0.3,10:15,8,36.42604244999993,4.553255306249992,3.244209862380208,0.405526232797526
EMA_GAP_0P3PCT,0.3,10:20,8,-5.744785520000019,-0.7180981900000024,-1.413709499603688,-0.176713687450461
EMA_GAP_0P3PCT,0.3,10:25,10,-9.603939790000009,-0.9603939790000009,1.3474706371661822,0.1347470637166182
EMA_GAP_0P3PCT,0.3,10:30,11,-22.089657265000117,-2.008150660454556,-1.8339404872170362,-0.166721862474276
EMA_GAP_0P3PCT,0.3,10:35,5,1.8067605900000232,0.36135211800000466,0.34604539435344794,0.06920907887068958
EMA_GAP_0P3PCT,0.3,10:40,5,-6.22311081000006,-1.244622162000012,-1.0265507900018807,-0.20531015800037614
EMA_GAP_0P3PCT,0.3,10:45,6,-3.825060170000138,-0.6375100283333563,-2.8257859855448015,-0.4709643309241336
EMA_GAP_0P3PCT,0.3,10:50,5,-5.156216764999931,-1.031243352999986,-4.099920068705166,-0.8199840137410332
EMA_GAP_0P3PCT,0.3,10:55,5,-1.1558328200000103,-0.23116656400000207,1.1645734203255589,0.2329146840651118
EMA_GAP_0P3PCT,0.3,11:05,2,-1.6889099750000165,-0.8444549875000082,-0.32830201534031034,-0.16415100767015517
EMA_GAP_0P3PCT,0.3,11:10,1,-0.34613568000000056,-0.34613568000000056,-1.30617237735849,-1.30617237735849
EMA_GAP_0P3PCT,0.3,11:15,4,3.2192509250000696,0.8048127312500174,3.173651524030685,0.7934128810076713
EMA_GAP_0P3PCT,0.3,11:20,5,-2.743569120000015,-0.548713824000003,-2.9434293191512193,-0.5886858638302439
EMA_GAP_0P3PCT,0.3,11:25,5,-2.513784505000031,-0.5027569010000061,-0.23885981095210918,-0.04777196219042183
EMA_GAP_0P3PCT,0.3,11:30,3,12.64209493999989,4.21403164666663,0.640432380027127,0.21347746000904233
EMA_GAP_0P3PCT,0.3,11:35,1,0.2586053549999973,0.2586053549999973,0.5277660306122449,0.5277660306122449
EMA_GAP_0P3PCT,0.3,11:40,1,0.07946314500000475,0.07946314500000475,0.08108484183673921,0.08108484183673921
EMA_GAP_0P3PCT,0.3,11:50,2,0.4066139750000051,0.20330698750000256,1.3134544454110526,0.6567272227055263
EMA_GAP_0P3PCT,0.3,11:55,5,-9.073953060000173,-1.8147906120000346,-1.0314374107947921,-0.20628748215895842
EMA_GAP_0P3PCT,0.3,12:00,1,0.38651440500000184,0.38651440500000184,0.5900983282442765,0.5900983282442765
EMA_GAP_0P3PCT,0.3,12:05,5,1.3051798550000204,0.2610359710000041,1.9016522012817982,0.38033044025635965
EMA_GAP_0P3PCT,0.3,12:10,2,-0.10679026499997901,-0.053395132499989506,0.10451683820128,0.05225841910064
EMA_GAP_0P3PCT,0.3,12:15,2,-1.7269792200000043,-0.8634896100000021,-2.3757021386861314,-1.1878510693430657
EMA_GAP_0P3PCT,0.3,12:25,1,0.7858075599999954,0.7858075599999954,1.7859262727272716,1.7859262727272716
EMA_GAP_0P3PCT,0.3,12:30,3,0.6647422500000189,0.2215807500000063,-0.7037757057983476,-0.23459190193278254
EMA_GAP_0P3PCT,0.3,12:50,3,-2.143557139999983,-0.714519046666661,-2.4652648654966747,-0.8217549551655582
EMA_GAP_0P3PCT,0.3,13:00,2,5.469684870000019,2.7348424350000093,2.1913753000000193,1.0956876500000097
EMA_GAP_0P3PCT,0.3,13:15,2,-0.9075698750000177,-0.45378493750000887,-1.6265123812121178,-0.8132561906060589
EMA_GAP_0P3PCT,0.3,13:20,1,-3.548388000000011,-3.548388000000011,-1.2131241025641017,-1.2131241025641017
EMA_GAP_0P3PCT,0.3,13:30,1,-0.35284121999999973,-0.35284121999999973,-1.1568564590163937,-1.1568564590163937
EMA_GAP_0P3PCT,0.3,13:40,1,1.7951745749999701,1.7951745749999701,0.8548450357142854,0.8548450357142854
EMA_GAP_0P3PCT,0.3,13:55,2,1.8586799149999922,0.9293399574999961,1.0195248337425007,0.5097624168712503
EMA_GAP_0P3PCT,0.3,14:05,1,-4.627113249999988,-4.627113249999988,-1.1714210759493675,-1.1714210759493675
EMA_GAP_0P3PCT,0.3,14:15,2,9.822170890000008,4.911085445000004,2.8881729403402616,1.4440864701701308
EMA_GAP_0P3PCT,0.3,14:20,1,0.23813969999999743,0.23813969999999743,0.5953492499999957,0.5953492499999957
EMA_GAP_0P3PCT,0.3,14:25,1,2.277594090000016,2.277594090000016,1.0167830758928602,1.0167830758928602
EMA_GAP_0P3PCT,0.3,14:35,2,1.5329202599999225,0.7664601299999613,1.69391103578945,0.846955517894725
EMA_GAP_0P3PCT,0.3,14:45,2,-3.126125190000008,-1.563062595000004,-1.4059477015437332,-0.7029738507718666
EMA_GAP_0P3PCT,0.3,14:50,1,1.3164539699999926,1.3164539699999926,1.8411943636363628,1.8411943636363628
EMA_GAP_0P3PCT,0.3,14:55,2,-0.19744292499999377,-0.09872146249999689,-1.0660967594882655,-0.5330483797441328
EMA_GAP_0P3PCT,0.3,15:00,2,-0.31501377500000044,-0.15750688750000022,-0.17385163954486998,-0.08692581977243499
EMA_GAP_0P3PCT,0.3,15:05,1,0.18025199999999797,0.18025199999999797,0.4396390243902388,0.4396390243902388
EMA_GAP_0P3PCT,0.3,15:10,1,0.004946024999995927,0.004946024999995927,0.011776249999990253,0.011776249999990253
EMA_GAP_0P3PCT,0.3,15:15,2,0.03439393500000584,0.01719696750000292,0.0970174889836706,0.0485087444918353
EMA_GAP_0P3PCT,0.3,15:20,1,0.05934490500000594,0.05934490500000594,0.16955687142859116,0.16955687142859116
EMA_GAP_0P3PCT,0.3,15:25,1,-0.48435294000000295,-0.48435294000000295,-0.7394701374045833,-0.7394701374045833
EMA_GAP_0P5PCT,0.5,09:35,54,25.731205650000522,0.476503808333343,-7.469774572711661,-0.13832915875391966
EMA_GAP_0P5PCT,0.5,09:40,22,64.11527322500042,2.914330601136383,19.043201051459672,0.8656000477936214
EMA_GAP_0P5PCT,0.5,09:45,14,-0.9907840250003661,-0.07077028750002615,-3.303321091055863,-0.2359515065039902
EMA_GAP_0P5PCT,0.5,09:50,20,33.787060144999536,1.6893530072499767,3.550891498293394,0.1775445749146697
EMA_GAP_0P5PCT,0.5,09:55,11,8.39137081999993,0.7628518927272663,4.328515466977159,0.3935014060888326
EMA_GAP_0P5PCT,0.5,10:00,7,-19.372410985000045,-2.767487283571435,1.0467092412802455,0.14952989161146363
EMA_GAP_0P5PCT,0.5,10:05,5,-11.753897904999956,-2.3507795809999914,2.1459976124682623,0.42919952249365245
EMA_GAP_0P5PCT,0.5,10:10,7,-18.616374830000346,-2.659482118571478,-0.5539438322099863,-0.07913483317285519
EMA_GAP_0P5PCT,0.5,10:15,4,39.102759779999914,9.775689944999979,4.156268156257752,1.039067039064438
EMA_GAP_0P5PCT,0.5,10:20,1,-0.3610681499999986,-0.3610681499999986,-1.3129750909090925,-1.3129750909090925
EMA_GAP_0P5PCT,0.5,10:25,6,-0.8778768899999607,-0.14631281499999346,0.39566073718952177,0.06594345619825363
EMA_GAP_0P5PCT,0.5,10:30,3,-3.712188380000053,-1.2373961266666844,0.07528583121782961,0.025095277072609872
EMA_GAP_0P5PCT,0.5,10:35,2,2.0917763500000164,1.0458881750000082,1.1127416630036575,0.5563708315018288
EMA_GAP_0P5PCT,0.5,10:40,5,-6.22311081000006,-1.244622162000012,-1.0265507900018807,-0.20531015800037614
EMA_GAP_0P5PCT,0.5,10:45,4,-2.2801996700000067,-0.5700499175000017,-1.7981354895320212,-0.4495338723830053
EMA_GAP_0P5PCT,0.5,10:55,2,0.2871754900000056,0.1435877450000028,1.6447438347687415,0.8223719173843708
EMA_GAP_0P5PCT,0.5,11:10,1,-0.34613568000000056,-0.34613568000000056,-1.30617237735849,-1.30617237735849
EMA_GAP_0P5PCT,0.5,11:15,1,-1.2747443999999586,-1.2747443999999586,-0.04979470312499812,-0.04979470312499812
EMA_GAP_0P5PCT,0.5,11:20,1,-0.5263295300000023,-0.5263295300000023,-1.2099529425287345,-1.2099529425287345
EMA_GAP_0P5PCT,0.5,11:25,1,-0.2249610300000056,-0.2249610300000056,-0.24585904918033424,-0.24585904918033424
EMA_GAP_0P5PCT,0.5,11:40,1,0.07946314500000475,0.07946314500000475,0.08108484183673921,0.08108484183673921
EMA_GAP_0P5PCT,0.5,11:50,1,-0.24871876499999995,-0.24871876499999995,-0.4111053966942121,-0.4111053966942121
EMA_GAP_0P5PCT,0.5,12:10,1,0.6501051750000026,0.6501051750000026,0.3421606184210543,0.3421606184210543
EMA_GAP_0P5PCT,0.5,12:15,1,-1.4958936000000045,-1.4958936000000045,-1.091893138686131,-1.091893138686131
EMA_GAP_0P5PCT,0.5,12:30,2,1.218460620000021,0.6092303100000105,0.4262617839975702,0.2131308919987851
EMA_GAP_0P5PCT,0.5,13:55,1,1.2750554999999948,1.2750554999999948,0.2712884042553187,0.2712884042553187
EMA_GAP_0P5PCT,0.5,15:00,1,-0.36057991999999894,-0.36057991999999894,-0.2631970218978086,-0.2631970218978086
EMA_GAP_0P5PCT,0.5,15:05,1,0.18025199999999797,0.18025199999999797,0.4396390243902388,0.4396390243902388
EMA_GAP_0P5PCT,0.5,15:15,1,-0.029815949999999425,-0.029815949999999425,-0.09465380952380731,-0.09465380952380731
EMA_GAP_0P5PCT,0.5,15:20,1,0.05934490500000594,0.05934490500000594,0.16955687142859116,0.16955687142859116
EMA_GAP_0P5PCT,0.5,15:25,1,-0.48435294000000295,-0.48435294000000295,-0.7394701374045833,-0.7394701374045833
EMA_REGIME_0PCT,0.0,09:35,251,-411.3526507250004,-1.6388551821713162,-138.12248567583205,-0.5502887875531157
EMA_REGIME_0PCT,0.0,09:40,121,-105.43558376999923,-0.8713684609090845,-30.235541944091267,-0.24988051193463856
EMA_REGIME_0PCT,0.0,09:45,82,-110.52057550000008,-1.3478118963414643,-51.06172895141202,-0.6227040116025856
EMA_REGIME_0PCT,0.0,09:50,84,-75.92756877500078,-0.9038996282738188,-20.387350230729506,-0.24270655036582744
EMA_REGIME_0PCT,0.0,09:55,58,-70.93706908500054,-1.22305291525863,-32.56420554959777,-0.5614518198206513
EMA_REGIME_0PCT,0.0,10:00,44,-149.31512111000035,-3.393525479772735,-32.36602584989431,-0.735591496588507
EMA_REGIME_0PCT,0.0,10:05,44,-94.84167662000011,-2.155492650454548,-21.589414799337572,-0.490668518166763
EMA_REGIME_0PCT,0.0,10:10,43,-87.40936358999978,-2.0327758974418555,-19.114518674323623,-0.4445236901005494
EMA_REGIME_0PCT,0.0,10:15,34,-1.3629180950003201,-0.040085826323538826,-11.9958688093619,-0.3528196708635853
EMA_REGIME_0PCT,0.0,10:20,23,17.429192250000256,0.7577909673913155,-0.3019477994287195,-0.013128165192553023
EMA_REGIME_0PCT,0.0,10:25,36,-44.10619778499957,-1.2251721606944326,-6.594263634996186,-0.18317398986100517
EMA_REGIME_0PCT,0.0,10:30,23,-52.43927379500018,-2.279968425869573,-10.87779157863566,-0.4729474599406809
EMA_REGIME_0PCT,0.0,10:35,27,-19.842643434999584,-0.7349127198147994,-1.4694319515011949,-0.054423405611155364
EMA_REGIME_0PCT,0.0,10:40,31,-64.03780544000038,-2.0657356593548513,-15.939846615499068,-0.51418860049997
EMA_REGIME_0PCT,0.0,10:45,33,-62.20048769000013,-1.8848632633333373,-18.288352974408568,-0.5541925143760172
EMA_REGIME_0PCT,0.0,10:50,22,-54.83456768500004,-2.4924803493181837,-17.03980124439815,-0.7745364201999159
EMA_REGIME_0PCT,0.0,10:55,18,-26.653830565000124,-1.4807683647222292,-7.679748826906719,-0.42665271260592885
EMA_REGIME_0PCT,0.0,11:00,13,-19.192374609999845,-1.4763365084615265,-6.43314034606016,-0.4948569496969354
EMA_REGIME_0PCT,0.0,11:05,17,-26.24753879500058,-1.5439728702941518,-6.572957817001825,-0.3866445774706956
EMA_REGIME_0PCT,0.0,11:10,13,-30.13255527499977,-2.3178888673076745,-8.601655498486643,-0.6616658075758957
EMA_REGIME_0PCT,0.0,11:15,16,-18.353112100000033,-1.147069506250002,-3.4056072297454225,-0.2128504518590889
EMA_REGIME_0PCT,0.0,11:20,24,-37.990383099999974,-1.5829326291666657,-0.7130729745078991,-0.02971137393782913
EMA_REGIME_0PCT,0.0,11:25,16,-43.46351732000042,-2.7164698325000263,-7.317969617660962,-0.45737310110381013
EMA_REGIME_0PCT,0.0,11:30,18,-6.61153635499969,-0.3673075752777606,-11.604857060569495,-0.6447142811427498
EMA_REGIME_0PCT,0.0,11:35,14,18.493846085000175,1.320989006071441,5.30034151689229,0.3785958226351636
EMA_REGIME_0PCT,0.0,11:40,14,-23.81831316500005,-1.7013080832142893,-5.457050188824505,-0.38978929920175037
EMA_REGIME_0PCT,0.0,11:45,15,-12.149096089999896,-0.8099397393333264,-4.062342248975179,-0.2708228165983453
EMA_REGIME_0PCT,0.0,11:50,17,-48.82864484000018,-2.8722732258823633,-8.384483718619618,-0.49320492462468346
EMA_REGIME_0PCT,0.0,11:55,14,-15.436644630000156,-1.1026174735714398,-4.4132550017521845,-0.315232500125156
EMA_REGIME_0PCT,0.0,12:00,13,2.563289950000371,0.19717615000002853,-1.1399383363465456,-0.08768756433434967
EMA_REGIME_0PCT,0.0,12:05,18,-12.49986977500011,-0.6944372097222283,-3.740045390367529,-0.2077802994648627
EMA_REGIME_0PCT,0.0,12:10,9,-6.821605195000071,-0.7579561327777857,-1.8773156032715017,-0.20859062258572242
EMA_REGIME_0PCT,0.0,12:15,10,-39.1442835450004,-3.91442835450004,-10.905643199804341,-1.0905643199804342
EMA_REGIME_0PCT,0.0,12:20,7,12.254983600000315,1.750711942857188,-0.39099065798129023,-0.055855808283041465
EMA_REGIME_0PCT,0.0,12:25,10,-11.02536942000018,-1.102536942000018,-2.4429623116217005,-0.24429623116217006
EMA_REGIME_0PCT,0.0,12:30,10,9.923808909999849,0.9923808909999849,2.347090586579474,0.2347090586579474
EMA_REGIME_0PCT,0.0,12:35,12,-17.739281919999915,-1.4782734933333261,-8.603350622466627,-0.7169458852055522
EMA_REGIME_0PCT,0.0,12:40,13,-18.643198510000158,-1.4340921930769353,-3.0337064614295244,-0.2333620354945788
EMA_REGIME_0PCT,0.0,12:45,9,-35.190204244999684,-3.9100226938888536,-4.9157584748574505,-0.5461953860952723
EMA_REGIME_0PCT,0.0,12:50,15,26.725155555000246,1.7816770370000163,-1.7839971688142457,-0.11893314458761638
EMA_REGIME_0PCT,0.0,12:55,3,-4.2358215150000715,-1.4119405050000238,-1.1260464228841975,-0.37534880762806583
EMA_REGIME_0PCT,0.0,13:00,10,11.34528663499968,1.1345286634999678,1.2777177440922545,0.12777177440922544
EMA_REGIME_0PCT,0.0,13:05,10,-12.652134875000357,-1.2652134875000356,-1.1164854284667034,-0.11164854284667033
EMA_REGIME_0PCT,0.0,13:10,3,-13.045818400000364,-4.348606133333455,-1.7441385882257214,-0.5813795294085738
EMA_REGIME_0PCT,0.0,13:15,11,-14.814354420000065,-1.3467594927272786,-10.00738326915251,-0.909762115377501
EMA_REGIME_0PCT,0.0,13:20,6,-23.13786382500008,-3.856310637500013,-6.646831427815087,-1.1078052379691812
EMA_REGIME_0PCT,0.0,13:25,12,10.384860334999882,0.8654050279166569,1.0488475813385438,0.08740396511154531
EMA_REGIME_0PCT,0.0,13:30,9,-2.372789444999999,-0.26364327166666657,-1.9163163630337285,-0.21292404033708096
EMA_REGIME_0PCT,0.0,13:35,5,-8.51608646500007,-1.703217293000014,-3.992521725373864,-0.7985043450747729
EMA_REGIME_0PCT,0.0,13:40,4,0.8888559149999701,0.22221397874999252,-1.1617571363475325,-0.29043928408688313
EMA_REGIME_0PCT,0.0,13:45,5,4.394614430000053,0.8789228860000107,1.0826833873662012,0.21653667747324024
EMA_REGIME_0PCT,0.0,13:50,6,-8.507798125000047,-1.4179663541666745,-5.6392342597296485,-0.939872376621608
EMA_REGIME_0PCT,0.0,13:55,6,-1.8637119749999804,-0.31061866249999676,-0.8358664478216417,-0.13931107463694029
EMA_REGIME_0PCT,0.0,14:00,8,-31.514130869999953,-3.939266358749994,-6.352671087398302,-0.7940838859247877
EMA_REGIME_0PCT,0.0,14:05,7,-0.8517744599997226,-0.12168206571424608,0.2213198596516418,0.0316171228073774
EMA_REGIME_0PCT,0.0,14:10,13,-13.262551485000351,-1.02019626807695,-4.897705317427753,-0.3767465628790579
EMA_REGIME_0PCT,0.0,14:15,9,1.6641216099999467,0.1849024011111052,0.8625626734977575,0.09584029705530639
EMA_REGIME_0PCT,0.0,14:20,14,-31.907608904999563,-2.279114921785683,-2.7141335906061936,-0.19386668504329954
EMA_REGIME_0PCT,0.0,14:25,11,-12.271460645000015,-1.1155873313636377,-7.530701969756901,-0.6846092699779001
EMA_REGIME_0PCT,0.0,14:30,7,8.504230980000049,1.214890140000007,-1.619341095836032,-0.23133444226229027
EMA_REGIME_0PCT,0.0,14:35,8,-4.08654399500012,-0.510817999375015,0.433743786899087,0.054217973362385874
EMA_REGIME_0PCT,0.0,14:40,7,-10.67076615000042,-1.5243951642857743,-2.266114450968475,-0.3237306358526393
EMA_REGIME_0PCT,0.0,14:45,10,-28.77382435999999,-2.8773824359999987,-7.201448559169473,-0.7201448559169472
EMA_REGIME_0PCT,0.0,14:50,10,-21.095842139999995,-2.1095842139999994,-7.611672630645703,-0.7611672630645703
EMA_REGIME_0PCT,0.0,14:55,9,-11.498497664999972,-1.2776108516666635,-6.57191869804506,-0.7302131886716734
EMA_REGIME_0PCT,0.0,15:00,10,-31.399168910000196,-3.1399168910000195,-6.372211398117853,-0.6372211398117853
EMA_REGIME_0PCT,0.0,15:05,12,-35.05762150000002,-2.921468458333335,-7.7852637351957785,-0.6487719779329816
EMA_REGIME_0PCT,0.0,15:10,17,-46.32336314499916,-2.7249037144117154,-11.224591835860863,-0.6602701079918155
EMA_REGIME_0PCT,0.0,15:15,7,-20.152726049999675,-2.8789608642856677,-3.4014267202608526,-0.4859181028944075
EMA_REGIME_0PCT,0.0,15:20,4,-14.313262230000282,-3.5783155575000705,-2.330000236340643,-0.5825000590851608
EMA_REGIME_0PCT,0.0,15:25,13,-32.339341835000205,-2.4876416796154004,-6.209531842787961,-0.47765629559907397
