trade_date,direction,signal_candle_time,entry_candle_time,signal_index,entry_index,entry_price,orb_high,orb_low,signal_vwap,session_date
2025-08-18,SELL,2025-08-18 10:20:00+05:30,2025-08-18 10:25:00+05:30,13,14,1411.0941,1433.7,1413.6,1417.372144803484,2025-08-18
2025-08-19,BUY,2025-08-19 09:55:00+05:30,2025-08-19 10:00:00+05:30,8,9,1413.60645,1412.3,1402.4,1409.7435928487037,2025-08-19
2025-08-20,BUY,2025-08-20 09:40:00+05:30,2025-08-20 09:45:00+05:30,5,6,1433.21625,1431.4,1410.2,1426.3247957923018,2025-08-20
2025-08-22,SELL,2025-08-22 09:50:00+05:30,2025-08-22 09:55:00+05:30,7,8,1458.77025,1472.4,1461.0,1462.9400285801446,2025-08-22
2025-08-25,BUY,2025-08-25 09:30:00+05:30,2025-08-25 09:35:00+05:30,3,4,1491.3453,1488.7,1474.8,1484.4847515147455,2025-08-25
2025-08-26,BUY,2025-08-26 09:35:00+05:30,2025-08-26 09:40:00+05:30,4,5,1504.9521,1503.1,1487.5,1499.2134302838813,2025-08-26
2025-08-28,SELL,2025-08-28 10:10:00+05:30,2025-08-28 10:15:00+05:30,11,12,1473.8627,1497.2,1477.5,1481.5475832628183,2025-08-28
2025-08-29,SELL,2025-08-29 09:30:00+05:30,2025-08-29 09:35:00+05:30,3,4,1454.57235,1470.1,1456.3,1459.5269117644157,2025-08-29
2025-09-02,BUY,2025-09-02 11:45:00+05:30,2025-09-02 11:50:00+05:30,30,31,1472.83605,1471.2,1454.8,1463.878898962461,2025-09-02
2025-09-03,SELL,2025-09-03 09:45:00+05:30,2025-09-03 09:50:00+05:30,6,7,1447.3759499999999,1470.1,1450.7,1454.4401805033433,2025-09-03
2025-09-04,SELL,2025-09-04 09:40:00+05:30,2025-09-04 09:45:00+05:30,5,6,1439.5798499999999,1452.6,1443.8,1445.6777487364218,2025-09-04
2025-09-05,SELL,2025-09-05 10:05:00+05:30,2025-09-05 10:10:00+05:30,10,11,1428.98515,1441.5,1433.6,1436.5350372117398,2025-09-05
2025-09-05,SELL,2025-09-05 14:20:00+05:30,2025-09-05 14:25:00+05:30,61,62,1413.4929,1441.5,1433.6,1415.2348775760795,2025-09-05
2025-09-08,SELL,2025-09-08 09:55:00+05:30,2025-09-08 10:00:00+05:30,8,9,1411.0941,1427.1,1414.4,1417.4637593531238,2025-09-08
2025-09-09,BUY,2025-09-09 09:30:00+05:30,2025-09-09 09:35:00+05:30,3,4,1454.1267,1453.5,1441.3,1448.2647259619637,2025-09-09
2025-09-10,BUY,2025-09-10 10:00:00+05:30,2025-09-10 10:05:00+05:30,9,10,1495.4473500000001,1494.5,1477.3,1489.4769929294266,2025-09-10
2025-09-11,SELL,2025-09-11 09:50:00+05:30,2025-09-11 09:55:00+05:30,7,8,1479.3599499999998,1495.1,1480.7,1485.6294130082533,2025-09-11
2025-09-12,SELL,2025-09-12 09:40:00+05:30,2025-09-12 09:45:00+05:30,5,6,1490.95415,1510.2,1496.4,1501.413721456216,2025-09-12
2025-09-16,BUY,2025-09-16 15:05:00+05:30,2025-09-16 15:10:00+05:30,70,71,1481.5403999999999,1479.4,1471.7,1475.030761376831,2025-09-16
2025-09-17,BUY,2025-09-17 11:45:00+05:30,2025-09-17 11:50:00+05:30,30,31,1491.9456,1490.7,1481.9,1486.7696234475975,2025-09-17
2025-09-18,SELL,2025-09-18 10:10:00+05:30,2025-09-18 10:15:00+05:30,11,12,1510.54435,1522.1,1512.4,1517.4814691912613,2025-09-18
2025-09-19,SELL,2025-09-19 09:30:00+05:30,2025-09-19 09:35:00+05:30,3,4,1495.6518,1518.4,1498.1,1506.981417980502,2025-09-19
2025-09-22,BUY,2025-09-22 09:30:00+05:30,2025-09-22 09:35:00+05:30,3,4,1476.03765,1472.2,1450.6,1466.0971641992471,2025-09-22
2025-09-24,SELL,2025-09-24 10:40:00+05:30,2025-09-24 10:45:00+05:30,17,18,1454.57235,1465.0,1455.7,1459.912903390409,2025-09-24
2025-09-25,SELL,2025-09-25 12:35:00+05:30,2025-09-25 12:40:00+05:30,40,41,1456.3714499999999,1470.9,1457.3,1464.7323304428573,2025-09-25
2025-09-26,SELL,2025-09-26 09:40:00+05:30,2025-09-26 09:45:00+05:30,5,6,1427.3859499999999,1447.4,1429.2,1435.244807434701,2025-09-26
2025-09-29,SELL,2025-09-29 11:45:00+05:30,2025-09-29 11:50:00+05:30,30,31,1418.79025,1434.0,1422.4,1428.3305881579931,2025-09-29
2025-09-30,SELL,2025-09-30 09:30:00+05:30,2025-09-30 09:35:00+05:30,3,4,1407.8956999999998,1418.2,1410.3,1413.0472451828248,2025-09-30
2025-09-30,SELL,2025-09-30 14:55:00+05:30,2025-09-30 15:00:00+05:30,68,69,1409.79475,1418.2,1410.3,1413.8372118138946,2025-09-30
2025-10-01,SELL,2025-10-01 10:00:00+05:30,2025-10-01 10:05:00+05:30,9,10,1398.7003000000002,1415.4,1399.8,1404.3640979531415,2025-10-01
2025-10-01,BUY,2025-10-01 14:40:00+05:30,2025-10-01 14:45:00+05:30,65,66,1416.60795,1415.4,1399.8,1406.5999056466644,2025-10-01
2025-10-03,BUY,2025-10-03 09:45:00+05:30,2025-10-03 09:50:00+05:30,6,7,1413.3063,1411.5,1402.8,1407.2816709996807,2025-10-03
2025-10-06,BUY,2025-10-06 09:45:00+05:30,2025-10-06 09:50:00+05:30,6,7,1425.3122999999998,1423.2,1411.8,1419.96067448982,2025-10-06
2025-10-07,SELL,2025-10-07 09:35:00+05:30,2025-10-07 09:40:00+05:30,4,5,1434.3824499999998,1451.5,1435.9,1442.146020225432,2025-10-07
2025-10-08,BUY,2025-10-08 09:35:00+05:30,2025-10-08 09:40:00+05:30,4,5,1457.82855,1456.4,1424.2,1451.4626324400738,2025-10-08
2025-10-09,SELL,2025-10-09 09:50:00+05:30,2025-10-09 09:55:00+05:30,7,8,1462.6683,1477.4,1465.1,1468.5069650294292,2025-10-09
2025-10-09,BUY,2025-10-09 14:50:00+05:30,2025-10-09 14:55:00+05:30,67,68,1479.23925,1477.4,1465.1,1470.7679401350763,2025-10-09
2025-10-13,SELL,2025-10-13 10:15:00+05:30,2025-10-13 10:20:00+05:30,12,13,1460.6693,1472.8,1462.8,1467.253788345735,2025-10-13
2025-10-14,SELL,2025-10-14 09:55:00+05:30,2025-10-14 10:00:00+05:30,8,9,1463.268,1479.5,1466.4,1473.7275352626327,2025-10-14
2025-10-15,SELL,2025-10-15 09:35:00+05:30,2025-10-15 09:40:00+05:30,4,5,1445.277,1457.1,1448.8,1451.287221311195,2025-10-15
2025-10-16,BUY,2025-10-16 15:00:00+05:30,2025-10-16 15:05:00+05:30,69,70,1443.5213999999999,1442.7,1429.6,1436.6492573363184,2025-10-16
2025-10-17,SELL,2025-10-17 09:35:00+05:30,2025-10-17 09:40:00+05:30,4,5,1415.19205,1427.5,1416.6,1421.4121149321463,2025-10-17
2025-10-20,BUY,2025-10-20 09:55:00+05:30,2025-10-20 10:00:00+05:30,8,9,1432.81605,1430.6,1419.3,1427.5361043755447,2025-10-20
2025-10-23,BUY,2025-10-23 09:35:00+05:30,2025-10-23 09:40:00+05:30,4,5,1492.3457999999998,1486.9,1474.1,1484.9435849166016,2025-10-23
2025-10-24,SELL,2025-10-24 10:40:00+05:30,2025-10-24 10:45:00+05:30,17,18,1487.95565,1510.3,1490.9,1496.2720244580505,2025-10-24
2025-10-27,BUY,2025-10-27 09:40:00+05:30,2025-10-27 09:45:00+05:30,5,6,1480.43985,1479.2,1466.4,1474.8338313217491,2025-10-27
2025-10-28,SELL,2025-10-28 10:05:00+05:30,2025-10-28 10:10:00+05:30,10,11,1462.9681500000002,1474.6,1465.3,1469.8033004391484,2025-10-28
2025-10-29,BUY,2025-10-29 10:25:00+05:30,2025-10-29 10:30:00+05:30,14,15,1482.3408,1475.1,1465.2,1472.4396149165882,2025-10-29
2025-10-30,SELL,2025-10-30 09:30:00+05:30,2025-10-30 09:35:00+05:30,3,4,1466.1665500000001,1476.3,1468.7,1470.640726447193,2025-10-30
2025-10-31,BUY,2025-10-31 09:40:00+05:30,2025-10-31 09:45:00+05:30,5,6,1466.0326499999999,1464.8,1455.5,1462.2232625570466,2025-10-31
2025-10-31,SELL,2025-10-31 10:35:00+05:30,2025-10-31 10:40:00+05:30,16,17,1454.2725,1464.8,1455.5,1460.8992458608845,2025-10-31
2025-11-03,SELL,2025-11-03 09:30:00+05:30,2025-11-03 09:35:00+05:30,3,4,1443.97765,1453.4,1444.7,1447.5236872293365,2025-11-03
2025-11-03,BUY,2025-11-03 11:15:00+05:30,2025-11-03 11:20:00+05:30,24,25,1454.3267999999998,1453.4,1444.7,1447.9409269620023,2025-11-03
2025-11-04,SELL,2025-11-04 09:50:00+05:30,2025-11-04 09:55:00+05:30,7,8,1441.77875,1450.5,1442.8,1445.0715686770643,2025-11-04
2025-11-06,SELL,2025-11-06 09:35:00+05:30,2025-11-06 09:40:00+05:30,4,5,1441.5788499999999,1451.6,1443.8,1446.7286630217268,2025-11-06
2025-11-07,SELL,2025-11-07 09:30:00+05:30,2025-11-07 09:35:00+05:30,3,4,1419.0901,1444.0,1420.5,1428.0338387970776,2025-11-07
2025-11-07,BUY,2025-11-07 13:30:00+05:30,2025-11-07 13:35:00+05:30,51,52,1445.62245,1444.0,1420.5,1430.3023378125763,2025-11-07
2025-11-10,BUY,2025-11-10 10:15:00+05:30,2025-11-10 10:20:00+05:30,12,13,1475.23725,1471.9,1458.4,1465.8720555985356,2025-11-10
2025-11-11,SELL,2025-11-11 09:35:00+05:30,2025-11-11 09:40:00+05:30,4,5,1480.0596,1497.6,1484.4,1487.5799306668257,2025-11-11
2025-11-11,BUY,2025-11-11 14:15:00+05:30,2025-11-11 14:20:00+05:30,60,61,1498.8490499999998,1497.6,1484.4,1488.6030447802739,2025-11-11
2025-11-12,BUY,2025-11-12 09:55:00+05:30,2025-11-12 10:00:00+05:30,8,9,1518.8590499999998,1516.2,1505.5,1513.1209745370465,2025-11-12
2025-11-14,SELL,2025-11-14 09:35:00+05:30,2025-11-14 09:40:00+05:30,4,5,1480.6593,1497.6,1482.9,1486.8773654583144,2025-11-14
2025-11-17,BUY,2025-11-17 13:55:00+05:30,2025-11-17 14:00:00+05:30,56,57,1474.43685,1473.4,1460.9,1467.982047296118,2025-11-17
2025-11-18,SELL,2025-11-18 09:40:00+05:30,2025-11-18 09:45:00+05:30,5,6,1460.56935,1474.1,1463.9,1466.6324779463164,2025-11-18
2025-11-19,BUY,2025-11-19 09:30:00+05:30,2025-11-19 09:35:00+05:30,3,4,1477.83855,1476.1,1458.9,1470.941613838204,2025-11-19
2025-11-21,BUY,2025-11-21 09:35:00+05:30,2025-11-21 09:40:00+05:30,4,5,1507.3533,1506.4,1494.0,1503.2865093958376,2025-11-21
2025-11-24,SELL,2025-11-24 11:30:00+05:30,2025-11-24 11:35:00+05:30,27,28,1529.33495,1551.4,1530.5,1540.5859293585042,2025-11-24
2025-11-25,SELL,2025-11-25 10:15:00+05:30,2025-11-25 10:20:00+05:30,12,13,1501.74875,1517.8,1503.0,1506.3044706543878,2025-11-25
2025-11-26,BUY,2025-11-26 10:05:00+05:30,2025-11-26 10:10:00+05:30,10,11,1514.45685,1511.1,1499.6,1506.677976181142,2025-11-26
2025-11-27,BUY,2025-11-27 09:30:00+05:30,2025-11-27 09:35:00+05:30,3,4,1531.9656,1530.9,1520.2,1527.8571033052367,2025-11-27
2025-11-27,BUY,2025-11-27 15:00:00+05:30,2025-11-27 15:05:00+05:30,69,70,1534.26675,1530.9,1520.2,1529.699838314511,2025-11-27
2025-11-28,SELL,2025-11-28 10:20:00+05:30,2025-11-28 10:25:00+05:30,13,14,1523.53785,1535.2,1525.1,1529.3472151823426,2025-11-28
2025-12-02,SELL,2025-12-02 11:15:00+05:30,2025-12-02 11:20:00+05:30,24,25,1529.235,1546.4,1531.5,1536.5730580165086,2025-12-02
2025-12-03,BUY,2025-12-03 11:00:00+05:30,2025-12-03 11:05:00+05:30,21,22,1545.67245,1542.5,1521.2,1535.6623779061526,2025-12-03
2025-12-04,BUY,2025-12-04 10:10:00+05:30,2025-12-04 10:15:00+05:30,11,12,1560.6799500000002,1558.3,1534.8,1551.037758921042,2025-12-04
2025-12-05,BUY,2025-12-05 10:05:00+05:30,2025-12-05 10:10:00+05:30,10,11,1580.9901,1578.5,1566.1,1575.369994962862,2025-12-05
2025-12-08,SELL,2025-12-08 13:20:00+05:30,2025-12-08 13:25:00+05:30,49,50,1577.6108000000002,1594.4,1579.9,1588.7021485640855,2025-12-08
2025-12-09,SELL,2025-12-09 09:30:00+05:30,2025-12-09 09:35:00+05:30,3,4,1558.6203,1572.9,1561.7,1564.9198205116334,2025-12-09
2025-12-10,SELL,2025-12-10 09:45:00+05:30,2025-12-10 09:50:00+05:30,6,7,1561.3189499999999,1573.9,1562.2,1567.0328987839582,2025-12-10
2025-12-11,SELL,2025-12-11 09:35:00+05:30,2025-12-11 09:40:00+05:30,4,5,1555.0221,1573.4,1561.3,1565.5063707632921,2025-12-11
2025-12-12,SELL,2025-12-12 09:35:00+05:30,2025-12-12 09:40:00+05:30,4,5,1555.32195,1567.9,1558.5,1561.1065876686364,2025-12-12
2025-12-15,BUY,2025-12-15 10:10:00+05:30,2025-12-15 10:15:00+05:30,11,12,1567.08315,1566.1,1551.4,1560.092513806211,2025-12-15
2025-12-16,SELL,2025-12-16 09:30:00+05:30,2025-12-16 09:35:00+05:30,3,4,1553.6228,1569.0,1554.7,1558.6145216263374,2025-12-16
2025-12-17,BUY,2025-12-17 09:30:00+05:30,2025-12-17 09:35:00+05:30,3,4,1568.784,1567.1,1552.4,1562.3201249252095,2025-12-17
2025-12-18,BUY,2025-12-18 12:10:00+05:30,2025-12-18 12:15:00+05:30,35,36,1592.29575,1590.4,1572.7,1586.9504183809877,2025-12-18
2025-12-19,SELL,2025-12-19 11:45:00+05:30,2025-12-19 11:50:00+05:30,30,31,1602.4983499999998,1619.8,1603.3,1610.1123711444025,2025-12-19
2025-12-24,BUY,2025-12-24 15:20:00+05:30,2025-12-24 15:25:00+05:30,73,74,1631.7154500000001,1629.7,1618.0,1625.3441278483422,2025-12-24
2025-12-26,SELL,2025-12-26 10:35:00+05:30,2025-12-26 10:40:00+05:30,16,17,1624.9871,1633.5,1626.8,1629.5099041127964,2025-12-26
2025-12-29,SELL,2025-12-29 09:55:00+05:30,2025-12-29 10:00:00+05:30,8,9,1620.7892,1637.7,1622.9,1626.6435127849227,2025-12-29
2025-12-30,SELL,2025-12-30 12:10:00+05:30,2025-12-30 12:15:00+05:30,35,36,1596.30145,1613.0,1600.7,1602.2347680198861,2025-12-30
2025-12-31,SELL,2025-12-31 09:40:00+05:30,2025-12-31 09:45:00+05:30,5,6,1581.209,1594.1,1584.7,1588.037942664764,2025-12-31
2026-01-01,BUY,2026-01-01 10:25:00+05:30,2026-01-01 10:30:00+05:30,14,15,1592.3958,1590.2,1579.9,1586.404247326412,2026-01-01
2026-01-02,BUY,2026-01-02 11:10:00+05:30,2026-01-02 11:15:00+05:30,23,24,1605.10215,1604.2,1593.0,1600.4804048041624,2026-01-02
2026-01-05,SELL,2026-01-05 09:30:00+05:30,2026-01-05 09:35:00+05:30,3,4,1562.0185999999999,1602.3,1568.3,1575.7430832314922,2026-01-05
2026-01-06,BUY,2026-01-06 11:05:00+05:30,2026-01-06 11:10:00+05:30,22,23,1584.29175,1582.6,1565.1,1576.7846495585707,2026-01-06
2026-01-07,BUY,2026-01-07 09:35:00+05:30,2026-01-07 09:40:00+05:30,4,5,1601.0001,1599.9,1580.8,1592.6188537225846,2026-01-07
2026-01-08,SELL,2026-01-08 09:30:00+05:30,2026-01-08 09:35:00+05:30,3,4,1590.8041999999998,1609.5,1593.5,1599.755686146624,2026-01-08
2026-01-09,SELL,2026-01-09 13:55:00+05:30,2026-01-09 14:00:00+05:30,56,57,1574.6123,1596.7,1575.9,1583.705079655678,2026-01-09
2026-01-12,SELL,2026-01-12 09:30:00+05:30,2026-01-12 09:35:00+05:30,3,4,1561.0191,1578.5,1563.2,1567.1017217452604,2026-01-12
2026-01-12,SELL,2026-01-12 14:15:00+05:30,2026-01-12 14:20:00+05:30,60,61,1561.71875,1578.5,1563.2,1567.2026922237121,2026-01-12
2026-01-13,SELL,2026-01-13 09:45:00+05:30,2026-01-13 09:50:00+05:30,6,7,1555.0221,1583.7,1556.5,1564.9746593654695,2026-01-13
2026-01-14,SELL,2026-01-14 13:55:00+05:30,2026-01-14 14:00:00+05:30,56,57,1549.9246500000002,1576.4,1552.9,1565.8960422093598,2026-01-14
2026-01-16,BUY,2026-01-16 09:30:00+05:30,2026-01-16 09:35:00+05:30,3,4,1644.6218999999999,1642.7,1618.4,1633.7921328472821,2026-01-16
2026-01-19,SELL,2026-01-19 09:35:00+05:30,2026-01-19 09:40:00+05:30,4,5,1632.8831500000001,1649.3,1635.6,1640.6111495163805,2026-01-19
2026-01-20,SELL,2026-01-20 09:40:00+05:30,2026-01-20 09:45:00+05:30,5,6,1634.5823,1644.6,1636.9,1639.5818806797015,2026-01-20
2026-01-21,SELL,2026-01-21 09:30:00+05:30,2026-01-21 09:35:00+05:30,3,4,1606.09655,1621.9,1607.3,1614.3285577549,2026-01-21
2026-01-22,SELL,2026-01-22 10:55:00+05:30,2026-01-22 11:00:00+05:30,20,21,1621.5888,1633.1,1625.3,1629.398105964279,2026-01-22
2026-01-23,SELL,2026-01-23 14:15:00+05:30,2026-01-23 14:20:00+05:30,60,61,1626.88615,1640.2,1628.3,1632.8985025526028,2026-01-23
2026-01-28,SELL,2026-01-28 09:45:00+05:30,2026-01-28 09:50:00+05:30,6,7,1633.9826,1653.0,1638.5,1644.7717573007765,2026-01-28
2026-01-29,SELL,2026-01-29 10:45:00+05:30,2026-01-29 10:50:00+05:30,18,19,1607.29595,1624.7,1609.2,1613.9209951481034,2026-01-29
2026-01-29,BUY,2026-01-29 13:20:00+05:30,2026-01-29 13:25:00+05:30,49,50,1626.2127,1624.7,1609.2,1615.6633129119252,2026-01-29
2026-02-01,SELL,2026-02-01 09:50:00+05:30,2026-02-01 09:55:00+05:30,7,8,1570.4144000000001,1595.5,1574.9,1578.7488084480626,2026-02-01
2026-02-01,BUY,2026-02-01 12:45:00+05:30,2026-02-01 12:50:00+05:30,42,43,1599.7995,1595.5,1574.9,1592.2413063088613,2026-02-01
2026-02-02,SELL,2026-02-02 09:40:00+05:30,2026-02-02 09:45:00+05:30,5,6,1596.2015,1626.8,1599.4,1607.2356401231132,2026-02-02
2026-02-03,SELL,2026-02-03 09:30:00+05:30,2026-02-03 09:35:00+05:30,3,4,1636.48135,1691.4,1642.8,1660.2661622160308,2026-02-03
2026-02-04,SELL,2026-02-04 10:10:00+05:30,2026-02-04 10:15:00+05:30,11,12,1516.54135,1551.3,1520.3,1525.5747284455053,2026-02-04
2026-02-05,SELL,2026-02-05 11:45:00+05:30,2026-02-05 11:50:00+05:30,30,31,1491.9536500000002,1514.9,1492.7,1505.9990620199833,2026-02-05
2026-02-09,SELL,2026-02-09 09:35:00+05:30,2026-02-09 09:40:00+05:30,4,5,1468.4654,1495.6,1469.2,1476.5143175135981,2026-02-09
2026-02-10,BUY,2026-02-10 10:05:00+05:30,2026-02-10 10:10:00+05:30,10,11,1472.736,1472.0,1459.4,1466.9461840601919,2026-02-10
2026-02-11,SELL,2026-02-11 09:30:00+05:30,2026-02-11 09:35:00+05:30,3,4,1463.8677,1474.0,1465.3,1468.8491701112237,2026-02-11
2026-02-12,SELL,2026-02-12 09:30:00+05:30,2026-02-12 09:35:00+05:30,3,4,1368.41545,1405.3,1374.0,1383.5193443484357,2026-02-12
2026-02-13,BUY,2026-02-13 10:40:00+05:30,2026-02-13 10:45:00+05:30,17,18,1299.8496,1296.0,1254.4,1279.6577304626146,2026-02-13
2026-02-16,SELL,2026-02-16 09:45:00+05:30,2026-02-16 09:50:00+05:30,6,7,1317.24105,1346.9,1317.9,1325.5692395027622,2026-02-16
2026-02-17,BUY,2026-02-17 09:30:00+05:30,2026-02-17 09:35:00+05:30,3,4,1372.686,1365.0,1338.0,1360.2548343922126,2026-02-17
2026-02-18,SELL,2026-02-18 09:40:00+05:30,2026-02-18 09:45:00+05:30,5,6,1329.4349499999998,1371.3,1333.7,1345.0964208622784,2026-02-18
2026-02-19,BUY,2026-02-19 10:05:00+05:30,2026-02-19 10:10:00+05:30,10,11,1370.5849500000002,1368.4,1352.9,1361.780612486988,2026-02-19
2026-02-19,SELL,2026-02-19 12:45:00+05:30,2026-02-19 12:50:00+05:30,42,43,1351.02415,1368.4,1352.9,1361.9800995404519,2026-02-19
2026-02-20,BUY,2026-02-20 10:15:00+05:30,2026-02-20 10:20:00+05:30,12,13,1331.4654,1330.4,1309.9,1320.5901503240711,2026-02-20
2026-02-23,SELL,2026-02-23 09:45:00+05:30,2026-02-23 09:50:00+05:30,6,7,1305.44695,1323.4,1308.0,1313.5691440359594,2026-02-23
2026-02-24,SELL,2026-02-24 09:35:00+05:30,2026-02-24 09:40:00+05:30,4,5,1254.67235,1276.0,1257.0,1262.3305464860034,2026-02-24
2026-02-25,BUY,2026-02-25 09:55:00+05:30,2026-02-25 10:00:00+05:30,8,9,1290.74505,1287.0,1259.0,1277.6541345659095,2026-02-25
2026-02-26,SELL,2026-02-26 10:50:00+05:30,2026-02-26 10:55:00+05:30,19,20,1268.5654,1285.0,1272.5,1278.6822143028214,2026-02-26
2026-02-27,SELL,2026-02-27 09:30:00+05:30,2026-02-27 09:35:00+05:30,3,4,1277.06115,1306.7,1282.9,1290.3053005214624,2026-02-27
2026-03-02,BUY,2026-03-02 09:30:00+05:30,2026-03-02 09:35:00+05:30,3,4,1271.53545,1269.4,1254.8,1264.7445592167949,2026-03-02
2026-03-02,SELL,2026-03-02 11:50:00+05:30,2026-03-02 11:55:00+05:30,31,32,1252.9732,1269.4,1254.8,1263.7563248266376,2026-03-02
2026-03-05,SELL,2026-03-05 09:30:00+05:30,2026-03-05 09:35:00+05:30,3,4,1272.5634,1292.0,1276.5,1281.8713333191733,2026-03-05
2026-03-09,BUY,2026-03-09 09:30:00+05:30,2026-03-09 09:35:00+05:30,3,4,1272.93615,1272.4,1255.3,1264.8280810600008,2026-03-09
2026-03-10,SELL,2026-03-10 09:35:00+05:30,2026-03-10 09:40:00+05:30,4,5,1270.06465,1293.0,1272.6,1279.8344353782386,2026-03-10
2026-03-11,SELL,2026-03-11 09:40:00+05:30,2026-03-11 09:45:00+05:30,5,6,1259.46995,1272.0,1260.1,1264.962756227316,2026-03-11
2026-03-12,SELL,2026-03-12 10:10:00+05:30,2026-03-12 10:15:00+05:30,11,12,1234.08265,1245.9,1235.9,1240.1899192602118,2026-03-12
2026-03-12,BUY,2026-03-12 11:20:00+05:30,2026-03-12 11:25:00+05:30,25,26,1246.0227,1245.9,1235.9,1240.8150281019143,2026-03-12
2026-03-13,BUY,2026-03-13 10:10:00+05:30,2026-03-13 10:15:00+05:30,11,12,1230.31485,1228.4,1221.5,1225.5604966616324,2026-03-13
2026-03-16,SELL,2026-03-16 10:15:00+05:30,2026-03-16 10:20:00+05:30,12,13,1207.396,1227.7,1209.8,1216.0263594053004,2026-03-16
2026-03-17,SELL,2026-03-17 09:30:00+05:30,2026-03-17 09:35:00+05:30,3,4,1189.405,1218.6,1192.3,1199.635788398897,2026-03-17
2026-03-18,BUY,2026-03-18 09:35:00+05:30,2026-03-18 09:40:00+05:30,4,5,1237.6185,1233.5,1208.7,1227.0593866814302,2026-03-18
2026-03-19,SELL,2026-03-19 09:45:00+05:30,2026-03-19 09:50:00+05:30,6,7,1212.89325,1228.4,1213.7,1216.739831684284,2026-03-19
2026-03-20,BUY,2026-03-20 10:25:00+05:30,2026-03-20 10:30:00+05:30,14,15,1227.6135,1224.7,1212.1,1219.6654872612767,2026-03-20
2026-03-20,SELL,2026-03-20 13:05:00+05:30,2026-03-20 13:10:00+05:30,46,47,1210.1946,1224.7,1212.1,1218.4695288472649,2026-03-20
2026-03-23,BUY,2026-03-23 09:30:00+05:30,2026-03-23 09:35:00+05:30,3,4,1217.0082,1215.4,1201.4,1211.1244725606884,2026-03-23
2026-03-24,BUY,2026-03-24 10:25:00+05:30,2026-03-24 10:30:00+05:30,14,15,1246.52295,1243.5,1224.5,1235.7934486843985,2026-03-24
2026-03-25,BUY,2026-03-25 09:45:00+05:30,2026-03-25 09:50:00+05:30,6,7,1246.9231499999999,1245.6,1230.5,1240.8261169263228,2026-03-25
2026-03-27,SELL,2026-03-27 09:55:00+05:30,2026-03-27 10:00:00+05:30,8,9,1250.07465,1267.4,1252.0,1258.9894543840014,2026-03-27
2026-03-30,BUY,2026-03-30 09:35:00+05:30,2026-03-30 09:40:00+05:30,4,5,1237.8186,1235.4,1220.6,1231.8169369335722,2026-03-30
2026-04-01,SELL,2026-04-01 09:30:00+05:30,2026-04-01 09:35:00+05:30,3,4,1253.27305,1270.3,1255.4,1259.7814230807662,2026-04-01
2026-04-01,BUY,2026-04-01 10:35:00+05:30,2026-04-01 10:40:00+05:30,16,17,1271.53545,1270.3,1255.4,1264.1183642589556,2026-04-01
2026-04-01,SELL,2026-04-01 13:20:00+05:30,2026-04-01 13:25:00+05:30,49,50,1254.07265,1270.3,1255.4,1264.582737468249,2026-04-01
2026-04-02,BUY,2026-04-02 13:20:00+05:30,2026-04-02 13:25:00+05:30,49,50,1253.52645,1249.7,1233.1,1241.952906697065,2026-04-02
2026-04-07,BUY,2026-04-07 09:50:00+05:30,2026-04-07 09:55:00+05:30,7,8,1284.54195,1283.1,1266.1,1277.657136483629,2026-04-07
2026-04-08,SELL,2026-04-08 09:30:00+05:30,2026-04-08 09:35:00+05:30,3,4,1309.0451500000001,1347.7,1312.8,1325.208652704568,2026-04-08
2026-04-09,BUY,2026-04-09 15:05:00+05:30,2026-04-09 15:10:00+05:30,70,71,1306.35285,1304.3,1286.9,1296.9535695464601,2026-04-09
2026-04-10,SELL,2026-04-10 09:30:00+05:30,2026-04-10 09:35:00+05:30,3,4,1269.7648000000002,1291.0,1270.5,1276.9415834789997,2026-04-10
2026-04-13,SELL,2026-04-13 09:30:00+05:30,2026-04-13 09:35:00+05:30,3,4,1241.07915,1261.7,1243.2,1247.400649347042,2026-04-13
2026-04-16,SELL,2026-04-16 12:00:00+05:30,2026-04-16 12:05:00+05:30,33,34,1284.65735,1302.8,1286.6,1294.5849621799923,2026-04-16
2026-04-21,BUY,2026-04-21 09:45:00+05:30,2026-04-21 09:50:00+05:30,6,7,1283.2413,1282.3,1271.8,1276.9008950374814,2026-04-21
2026-04-22,SELL,2026-04-22 10:05:00+05:30,2026-04-22 10:10:00+05:30,10,11,1244.4774499999999,1270.2,1245.3,1252.8738283226087,2026-04-22
2026-04-23,SELL,2026-04-23 12:30:00+05:30,2026-04-23 12:35:00+05:30,39,40,1223.1880999999998,1238.9,1224.6,1229.5178814833773,2026-04-23
2026-04-24,SELL,2026-04-24 09:45:00+05:30,2026-04-24 09:50:00+05:30,6,7,1170.31455,1198.0,1173.6,1182.9859201387164,2026-04-24
2026-04-27,BUY,2026-04-27 09:45:00+05:30,2026-04-27 09:50:00+05:30,6,7,1154.07675,1151.1,1130.0,1145.66771118065,2026-04-27
2026-04-28,SELL,2026-04-28 09:50:00+05:30,2026-04-28 09:55:00+05:30,7,8,1130.8343,1144.6,1131.9,1137.7810102208555,2026-04-28
2026-04-29,BUY,2026-04-29 09:35:00+05:30,2026-04-29 09:40:00+05:30,4,5,1142.4709500000001,1140.3,1132.3,1137.117074033592,2026-04-29
2026-04-30,BUY,2026-04-30 09:35:00+05:30,2026-04-30 09:40:00+05:30,4,5,1147.5735,1145.6,1135.0,1141.7152472571859,2026-04-30
2026-05-04,SELL,2026-05-04 10:10:00+05:30,2026-05-04 10:15:00+05:30,11,12,1152.92325,1169.7,1158.2,1161.4191456798637,2026-05-04
2026-05-06,SELL,2026-05-06 09:30:00+05:30,2026-05-06 09:35:00+05:30,3,4,1157.421,1166.3,1159.2,1162.2896733580096,2026-05-06
2026-05-07,SELL,2026-05-07 09:30:00+05:30,2026-05-07 09:35:00+05:30,3,4,1138.73035,1150.5,1140.4,1144.1731362465885,2026-05-07
2026-05-08,BUY,2026-05-08 10:25:00+05:30,2026-05-08 10:30:00+05:30,14,15,1148.27385,1147.3,1134.3,1144.0844811499305,2026-05-08
2026-05-11,BUY,2026-05-11 09:45:00+05:30,2026-05-11 09:50:00+05:30,6,7,1155.1772999999998,1154.0,1147.3,1151.765643361318,2026-05-11
2026-05-12,SELL,2026-05-12 09:45:00+05:30,2026-05-12 09:50:00+05:30,6,7,1110.8443000000002,1137.4,1112.3,1117.3219263733406,2026-05-12
2026-05-13,SELL,2026-05-13 09:45:00+05:30,2026-05-13 09:50:00+05:30,6,7,1105.0472,1118.4,1107.2,1110.3967656372583,2026-05-13
2026-05-14,SELL,2026-05-14 09:30:00+05:30,2026-05-14 09:35:00+05:30,3,4,1084.7573499999999,1098.1,1086.1,1090.6874904421227,2026-05-14
2026-05-18,BUY,2026-05-18 12:10:00+05:30,2026-05-18 12:15:00+05:30,35,36,1115.9577000000002,1112.7,1094.3,1106.4489988043956,2026-05-18
2026-05-19,BUY,2026-05-19 15:05:00+05:30,2026-05-19 15:10:00+05:30,70,71,1173.1862999999998,1172.3,1137.4,1164.7361907896427,2026-05-19
2026-05-20,BUY,2026-05-20 09:30:00+05:30,2026-05-20 09:35:00+05:30,3,4,1177.9887,1175.6,1159.8,1171.6232970958306,2026-05-20
2026-05-21,SELL,2026-05-21 09:35:00+05:30,2026-05-21 09:40:00+05:30,4,5,1162.4185,1176.3,1163.8,1167.9138674633132,2026-05-21
2026-05-22,BUY,2026-05-22 10:35:00+05:30,2026-05-22 10:40:00+05:30,16,17,1162.88115,1161.9,1147.7,1154.2472362675967,2026-05-22
2026-05-25,SELL,2026-05-25 15:05:00+05:30,2026-05-25 15:10:00+05:30,70,71,1144.1276500000001,1159.9,1144.6,1149.3070165284594,2026-05-25
2026-05-29,BUY,2026-05-29 09:45:00+05:30,2026-05-29 09:50:00+05:30,6,7,1181.6905499999998,1179.5,1155.2,1173.3681378633562,2026-05-29
2026-06-01,BUY,2026-06-01 09:30:00+05:30,2026-06-01 09:35:00+05:30,3,4,1172.88615,1171.8,1148.8,1165.4009241785577,2026-06-01
2026-06-02,BUY,2026-06-02 09:40:00+05:30,2026-06-02 09:45:00+05:30,5,6,1228.8141,1224.5,1206.4,1220.1479898751152,2026-06-02
2026-06-03,SELL,2026-06-03 09:30:00+05:30,2026-06-03 09:35:00+05:30,3,4,1203.09815,1223.4,1204.0,1210.849599640983,2026-06-03
2026-06-04,SELL,2026-06-04 10:25:00+05:30,2026-06-04 10:30:00+05:30,14,15,1174.51245,1189.5,1175.7,1180.8229876114817,2026-06-04
2026-06-05,SELL,2026-06-05 10:25:00+05:30,2026-06-05 10:30:00+05:30,14,15,1178.91025,1197.9,1180.5,1183.442400984906,2026-06-05
2026-06-08,BUY,2026-06-08 10:00:00+05:30,2026-06-08 10:05:00+05:30,9,10,1164.28185,1162.3,1151.6,1157.213083233424,2026-06-08
2026-06-09,SELL,2026-06-09 09:35:00+05:30,2026-06-09 09:40:00+05:30,4,5,1147.8258,1168.3,1151.3,1155.2490778723948,2026-06-09
2026-06-10,BUY,2026-06-10 09:45:00+05:30,2026-06-10 09:50:00+05:30,6,7,1168.584,1166.4,1159.1,1163.9627263092477,2026-06-10
2026-06-10,SELL,2026-06-10 10:35:00+05:30,2026-06-10 10:40:00+05:30,16,17,1158.0206999999998,1166.4,1159.1,1164.593395715801,2026-06-10
2026-06-11,SELL,2026-06-11 10:00:00+05:30,2026-06-11 10:05:00+05:30,9,10,1110.14465,1133.7,1111.1,1115.2213081899606,2026-06-11
2026-06-12,SELL,2026-06-12 09:45:00+05:30,2026-06-12 09:50:00+05:30,6,7,1112.8433,1123.3,1114.3,1116.9030587509458,2026-06-12
2026-06-15,BUY,2026-06-15 10:50:00+05:30,2026-06-15 10:55:00+05:30,19,20,1135.3673999999999,1134.1,1123.0,1129.493573862321,2026-06-15
2026-06-16,BUY,2026-06-16 09:30:00+05:30,2026-06-16 09:35:00+05:30,3,4,1142.67105,1139.7,1123.2,1134.7331311480038,2026-06-16
2026-06-17,BUY,2026-06-17 09:30:00+05:30,2026-06-17 09:35:00+05:30,3,4,1162.3808999999999,1160.5,1148.0,1156.8255239324114,2026-06-17
2026-06-22,BUY,2026-06-22 14:05:00+05:30,2026-06-22 14:10:00+05:30,58,59,1072.7361,1071.9,1055.0,1066.032300935202,2026-06-22
2026-06-23,SELL,2026-06-23 10:35:00+05:30,2026-06-23 10:40:00+05:30,16,17,1033.58295,1055.3,1034.0,1038.8091751531583,2026-06-23
2026-06-24,BUY,2026-06-24 10:15:00+05:30,2026-06-24 10:20:00+05:30,12,13,1047.6235499999998,1046.5,1037.7,1042.9660405915124,2026-06-24
2026-06-25,SELL,2026-06-25 09:30:00+05:30,2026-06-25 09:35:00+05:30,3,4,1044.7773499999998,1068.0,1048.1,1052.634571733149,2026-06-25
2026-06-30,SELL,2026-06-30 09:30:00+05:30,2026-06-30 09:35:00+05:30,3,4,1008.6954000000001,1030.4,1013.4,1017.6198042782901,2026-06-30
2026-07-01,SELL,2026-07-01 09:35:00+05:30,2026-07-01 09:40:00+05:30,4,5,1003.0982,1014.0,1004.8,1008.8764614066155,2026-07-01
2026-07-02,BUY,2026-07-02 09:35:00+05:30,2026-07-02 09:40:00+05:30,4,5,1031.7156,1029.8,1006.0,1023.2270212568361,2026-07-02
2026-07-03,SELL,2026-07-03 09:30:00+05:30,2026-07-03 09:35:00+05:30,3,4,1051.2740999999999,1068.7,1052.2,1057.6590198862611,2026-07-03
2026-07-06,SELL,2026-07-06 09:50:00+05:30,2026-07-06 09:55:00+05:30,7,8,1040.57945,1053.0,1041.2,1044.6113945822246,2026-07-06
2026-07-07,BUY,2026-07-07 09:40:00+05:30,2026-07-07 09:45:00+05:30,5,6,1069.23435,1067.5,1040.6,1061.656811112668,2026-07-07
2026-07-10,SELL,2026-07-10 09:30:00+05:30,2026-07-10 09:35:00+05:30,3,4,1065.16715,1091.3,1069.2,1078.624983660407,2026-07-10
2026-07-13,BUY,2026-07-13 10:40:00+05:30,2026-07-13 10:45:00+05:30,17,18,1075.5375,1073.4,1057.1,1068.240235557996,2026-07-13
2026-07-14,SELL,2026-07-14 09:30:00+05:30,2026-07-14 09:35:00+05:30,3,4,1101.74885,1113.5,1102.6,1106.198158030251,2026-07-14
2026-07-16,SELL,2026-07-16 15:20:00+05:30,2026-07-16 15:25:00+05:30,73,74,1080.0597,1097.3,1081.0,1088.482382816641,2026-07-16
2026-07-17,SELL,2026-07-17 09:30:00+05:30,2026-07-17 09:35:00+05:30,3,4,1101.449,1116.8,1104.0,1109.167311309693,2026-07-17
2026-07-20,SELL,2026-07-20 10:10:00+05:30,2026-07-20 10:15:00+05:30,11,12,1089.95475,1103.8,1091.0,1095.7049827638077,2026-07-20
2026-07-21,SELL,2026-07-21 09:45:00+05:30,2026-07-21 09:50:00+05:30,6,7,1076.56145,1094.4,1078.0,1086.4622647083281,2026-07-21
2026-07-22,SELL,2026-07-22 10:20:00+05:30,2026-07-22 10:25:00+05:30,13,14,1058.0707,1067.3,1058.2,1064.2431669591194,2026-07-22
2026-07-23,BUY,2026-07-23 11:10:00+05:30,2026-07-23 11:15:00+05:30,23,24,1049.1243,1046.9,1032.0,1042.1287124256564,2026-07-23
2026-07-24,SELL,2026-07-24 10:25:00+05:30,2026-07-24 10:30:00+05:30,14,15,1021.98875,1042.6,1023.0,1035.1288463637975,2026-07-24
2026-07-27,BUY,2026-07-27 09:30:00+05:30,2026-07-27 09:35:00+05:30,3,4,1075.03725,1072.0,1057.4,1066.1156094552866,2026-07-27
2026-07-28,BUY,2026-07-28 09:30:00+05:30,2026-07-28 09:35:00+05:30,3,4,1110.6550499999998,1110.0,1097.0,1106.0963272368172,2026-07-28
2026-07-29,BUY,2026-07-29 10:20:00+05:30,2026-07-29 10:25:00+05:30,13,14,1154.9772,1152.0,1128.4,1144.4224880571182,2026-07-29
2026-07-30,SELL,2026-07-30 14:05:00+05:30,2026-07-30 14:10:00+05:30,58,59,1165.31705,1186.3,1166.2,1177.3976724402646,2026-07-30
2026-07-31,BUY,2026-07-31 09:40:00+05:30,2026-07-31 09:45:00+05:30,5,6,1122.3609,1119.0,1107.2,1114.613656492199,2026-07-31
2026-08-03,BUY,2026-08-03 10:10:00+05:30,2026-08-03 10:15:00+05:30,11,12,1158.67905,1151.2,1138.1,1146.0221494742652,2026-08-03
2026-08-04,SELL,2026-08-04 09:50:00+05:30,2026-08-04 09:55:00+05:30,7,8,1160.4195,1175.7,1161.9,1164.5225946097598,2026-08-04
2026-08-05,SELL,2026-08-05 09:50:00+05:30,2026-08-05 09:55:00+05:30,7,8,1163.6179,1177.5,1165.4,1169.2152121015347,2026-08-05
2026-08-06,SELL,2026-08-06 10:05:00+05:30,2026-08-06 10:10:00+05:30,10,11,1169.11515,1185.8,1170.0,1175.0199025444067,2026-08-06
2026-08-07,BUY,2026-08-07 09:30:00+05:30,2026-08-07 09:35:00+05:30,3,4,1180.69005,1177.7,1155.6,1173.1539770436432,2026-08-07
2026-08-10,BUY,2026-08-10 09:55:00+05:30,2026-08-10 10:00:00+05:30,8,9,1189.9947000000002,1185.0,1175.2,1180.8895706563633,2026-08-10
2026-08-11,BUY,2026-08-11 09:30:00+05:30,2026-08-11 09:35:00+05:30,3,4,1193.7966000000001,1192.6,1183.2,1190.0812303362811,2026-08-11
2026-08-12,BUY,2026-08-12 09:40:00+05:30,2026-08-12 09:45:00+05:30,5,6,1189.69455,1189.0,1183.0,1186.8768729232672,2026-08-12
2026-08-13,SELL,2026-08-13 10:20:00+05:30,2026-08-13 10:25:00+05:30,13,14,1159.32005,1170.0,1161.2,1164.652027017821,2026-08-13
2026-08-13,BUY,2026-08-13 12:20:00+05:30,2026-08-13 12:25:00+05:30,37,38,1170.6850499999998,1170.0,1161.2,1164.465784676933,2026-08-13
2026-08-14,SELL,2026-08-14 10:50:00+05:30,2026-08-14 10:55:00+05:30,19,20,1161.8188,1173.1,1164.1,1167.698667393778,2026-08-14
