trade_date,direction,signal_candle_time,signal_candle_open,signal_candle_high,signal_candle_low,signal_candle_close,signal_candle_vwap,entry_candle_time,entry_candle_open,entry_candle_high,entry_candle_low,entry_candle_close,entry_time,entry_price,stop_loss,initial_risk,target,target_r,mfe,mae,mfe_r,mae_r,exit_candle_time,exit_candle_open,exit_candle_high,exit_candle_low,exit_candle_close,exit_time,exit_price,exit_reason,same_candle_ambiguous,gross_pnl,costs,net_pnl
2026-07-01,SELL,2026-07-01 09:35:00+05:30,1005.2,1005.6,1002.6,1003.8,1008.8764614066155,2026-07-01 09:40:00+05:30,1003.6,1004.2,1001.2,1002.4,2026-07-01 09:40:00+05:30,1003.0982,1005.6,2.501800000000003,998.0946,2.0,1.8981999999999744,3.7017999999999347,0.758733711727545,1.479654648652942,2026-07-01 09:45:00+05:30,1002.3,1006.8,1002.2,1005.6,2026-07-01 09:45:00+05:30,1006.1028,STOP_LOSS,False,-3.004599999999982,2.009201,-5.013800999999982
2026-07-01,SELL,2026-07-01 09:50:00+05:30,1005.7,1005.7,1002.1,1003.0,1007.655711794229,2026-07-01 09:55:00+05:30,1003.0,1003.0,1001.0,1001.2,2026-07-01 09:55:00+05:30,1002.4985,1005.7,3.20150000000001,996.0955,2.0,8.398500000000013,0.5014999999999645,2.6233015773855963,0.1566453225050642,2026-07-01 12:10:00+05:30,998.3,998.5,994.1,995.4,2026-07-01 12:10:00+05:30,996.59354775,TARGET,False,5.904952250000065,1.9990920477499998,3.9058602022500652
2026-07-02,BUY,2026-07-02 09:35:00+05:30,1027.7,1032.3,1027.7,1030.9,1023.2270212568361,2026-07-02 09:40:00+05:30,1031.2,1034.5,1030.2,1034.3,2026-07-02 09:40:00+05:30,1031.7156,1027.7,4.015599999999949,1039.7468,2.0,8.884399999999914,3.0155999999999494,2.212471361689418,0.7509712122721355,2026-07-02 11:20:00+05:30,1038.2,1040.6,1037.7,1038.6,2026-07-02 11:20:00+05:30,1039.2269265999998,TARGET,False,7.5113265999998475,2.0709425265999997,5.440384073399848
2026-07-03,SELL,2026-07-03 09:30:00+05:30,1053.6,1054.2,1050.5,1051.5,1057.6590198862611,2026-07-03 09:35:00+05:30,1051.8,1052.8,1049.0,1050.4,2026-07-03 09:35:00+05:30,1051.2740999999999,1054.2,2.9259000000001834,1045.4222999999995,2.0,6.274099999999862,1.5259000000000924,2.1443316586347683,0.5215147475990283,2026-07-03 09:40:00+05:30,1050.2,1050.5,1045.0,1045.3,2026-07-03 09:40:00+05:30,1045.9450111499996,TARGET,False,5.329088850000289,2.09721911115,3.2318697388502895
2026-07-03,SELL,2026-07-03 11:55:00+05:30,1053.6,1053.6,1050.0,1050.5,1052.0054903658781,2026-07-03 12:00:00+05:30,1050.5,1050.7,1049.3,1049.9,2026-07-03 12:00:00+05:30,1049.97475,1053.6,3.6252499999998236,1042.7242500000004,2.0,0.674750000000131,4.825249999999869,0.18612509482109202,1.331011654368693,2026-07-03 12:15:00+05:30,1052.5,1054.8,1052.5,1054.7,2026-07-03 12:15:00+05:30,1054.1268,STOP_LOSS,False,-4.152049999999917,2.10410155,-6.256151549999918
2026-07-03,SELL,2026-07-03 12:40:00+05:30,1053.3,1053.5,1050.6,1051.7,1052.3942736651352,2026-07-03 12:45:00+05:30,1051.7,1052.8,1050.9,1051.7,2026-07-03 12:45:00+05:30,1051.17415,1053.5,2.325849999999946,1046.5224500000002,2.0,5.474150000000009,1.6258499999999003,2.35361265773809,0.6990347614850219,2026-07-03 13:20:00+05:30,1050.8,1050.8,1045.7,1047.5,2026-07-03 13:20:00+05:30,1047.045711225,TARGET,False,4.12843877499995,2.0982198612250005,2.030218913774949
2026-07-06,SELL,2026-07-06 09:50:00+05:30,1041.6,1043.2,1040.7,1041.1,1044.6113945822246,2026-07-06 09:55:00+05:30,1041.1,1041.1,1037.5,1038.3,2026-07-06 09:55:00+05:30,1040.57945,1043.2,2.620550000000094,1035.3383499999998,2.0,5.979450000000043,0.5205499999999574,2.2817538303027334,0.19864150655394433,2026-07-06 10:05:00+05:30,1035.9,1036.7,1034.6,1035.8,2026-07-06 10:05:00+05:30,1035.8560191749998,TARGET,False,4.72343082500015,2.0764354691749998,2.6469953558251507
2026-07-07,BUY,2026-07-07 09:40:00+05:30,1065.0,1070.0,1063.2,1069.2,1061.656811112668,2026-07-07 09:45:00+05:30,1068.7,1074.8,1068.1,1070.7,2026-07-07 09:45:00+05:30,1069.23435,1063.2,6.034349999999904,1081.3030499999998,2.0,13.36564999999996,3.434349999999995,2.2149278712703393,0.569133378077183,2026-07-07 10:20:00+05:30,1075.2,1082.6,1075.2,1078.8,2026-07-07 10:20:00+05:30,1080.7623984749998,TARGET,False,11.528048474999878,2.1499967484749996,9.378051726524879
2026-07-07,BUY,2026-07-07 10:55:00+05:30,1069.7,1071.4,1069.6,1071.1,1070.6057444018043,2026-07-07 11:00:00+05:30,1071.2,1076.8,1071.2,1073.5,2026-07-07 11:00:00+05:30,1071.7356,1069.6,2.1356000000000677,1076.0068,2.0,5.064399999999978,0.5355999999999312,2.3714178685146177,0.2507960292189147,2026-07-07 11:00:00+05:30,1071.2,1076.8,1071.2,1073.5,2026-07-07 11:00:00+05:30,1075.4687966000001,TARGET,False,3.7331966000001557,2.1472043966000003,1.5859922034001555
2026-07-07,BUY,2026-07-07 14:45:00+05:30,1074.2,1075.8,1073.7,1075.6,1075.1866528391815,2026-07-07 14:50:00+05:30,1075.2,1075.8,1074.3,1074.9,2026-07-07 14:50:00+05:30,1075.7376000000002,1073.7,2.0376000000001113,1079.8128000000004,2.0,0.06239999999979773,2.237600000000157,0.030624263839710602,1.0981546917942848,2026-07-07 14:55:00+05:30,1074.9,1075.6,1073.5,1074.2,2026-07-07 14:55:00+05:30,1073.16315,STOP_LOSS,False,-2.57445000000007,2.14890075,-4.72335075000007
2026-07-10,SELL,2026-07-10 09:30:00+05:30,1071.5,1071.8,1065.5,1066.2,1078.624983660407,2026-07-10 09:35:00+05:30,1065.7,1069.3,1064.7,1068.1,2026-07-10 09:35:00+05:30,1065.16715,1071.8,6.632849999999962,1051.90145,2.0,0.4671499999999469,7.832850000000008,0.07042975493188441,1.1809177050589192,2026-07-10 09:45:00+05:30,1068.6,1073.0,1068.1,1070.5,2026-07-10 09:45:00+05:30,1072.3359,STOP_LOSS,False,-7.1687500000000455,2.1375030500000003,-9.306253050000045
2026-07-10,SELL,2026-07-10 09:50:00+05:30,1070.2,1070.9,1068.2,1068.7,1076.1468984261799,2026-07-10 09:55:00+05:30,1068.7,1069.9,1066.0,1069.6,2026-07-10 09:55:00+05:30,1068.1656500000001,1070.9,2.7343499999999494,1062.6969500000002,2.0,2.1656500000001415,3.134349999999813,0.7920163841498643,1.1462870517672832,2026-07-10 10:15:00+05:30,1069.3,1071.3,1069.2,1070.3,2026-07-10 10:15:00+05:30,1071.4354500000002,STOP_LOSS,False,-3.269800000000032,2.1396011,-5.409401100000032
2026-07-10,SELL,2026-07-10 10:20:00+05:30,1070.1,1070.3,1067.8,1068.5,1074.7155146195332,2026-07-10 10:25:00+05:30,1068.3,1070.5,1068.0,1070.1,2026-07-10 10:25:00+05:30,1067.76585,1070.3,2.534149999999954,1062.69755,2.0,0.0,2.7341499999999996,0.0,1.078921926484245,2026-07-10 10:25:00+05:30,1068.3,1070.5,1068.0,1070.1,2026-07-10 10:25:00+05:30,1070.8351499999999,STOP_LOSS,False,-3.0692999999998847,2.1386009999999995,-5.207900999999884
2026-07-10,SELL,2026-07-10 10:30:00+05:30,1070.1,1070.4,1066.4,1067.9,1074.392892976523,2026-07-10 10:35:00+05:30,1067.5,1068.0,1067.0,1068.0,2026-07-10 10:35:00+05:30,1066.96625,1070.4,3.4337500000001455,1060.0987499999997,2.0,0.0,6.833750000000009,0.0,1.9901710957407264,2026-07-10 10:40:00+05:30,1067.7,1073.8,1067.7,1073.2,2026-07-10 10:40:00+05:30,1070.9352000000001,STOP_LOSS,False,-3.968950000000177,2.13790145,-6.106851450000177
2026-07-10,SELL,2026-07-10 11:50:00+05:30,1073.7,1073.7,1067.2,1067.9,1073.4265621860222,2026-07-10 11:55:00+05:30,1067.9,1069.2,1066.5,1067.7,2026-07-10 11:55:00+05:30,1067.36605,1073.7,6.333949999999959,1054.6981500000002,2.0,0.8660500000000866,6.433949999999868,0.13673142351930348,1.0157879364377536,2026-07-10 13:10:00+05:30,1072.8,1073.8,1072.3,1073.5,2026-07-10 13:10:00+05:30,1074.23685,STOP_LOSS,False,-6.870799999999917,2.1416029,-9.012402899999918
2026-07-10,SELL,2026-07-10 14:45:00+05:30,1069.2,1069.3,1068.2,1068.2,1072.5130605778008,2026-07-10 14:50:00+05:30,1068.5,1068.5,1067.0,1067.6,2026-07-10 14:50:00+05:30,1067.96575,1069.3,1.3342499999998836,1065.2972500000003,2.0,2.465750000000071,0.6342499999998381,1.8480419711450524,0.47536068952587107,2026-07-10 15:05:00+05:30,1065.5,1068.6,1065.5,1068.1,2026-07-10 15:05:00+05:30,1068.499732875,STOP_LOSS,False,-0.5339828749999924,2.136465482875,-2.6704483578749922
2026-07-13,BUY,2026-07-13 10:40:00+05:30,1072.3,1075.8,1070.5,1075.4,1068.240235557996,2026-07-13 10:45:00+05:30,1075.0,1081.4,1074.9,1080.4,2026-07-13 10:45:00+05:30,1075.5375,1070.5,5.037499999999909,1085.6124999999997,2.0,10.362500000000182,0.6374999999998181,2.05707196029784,0.12655086848631852,2026-07-13 11:10:00+05:30,1081.0,1085.9,1080.7,1084.8,2026-07-13 11:10:00+05:30,1085.0696937499997,TARGET,False,9.532193749999806,2.1606071937499998,7.371586556249806
2026-07-14,SELL,2026-07-14 09:30:00+05:30,1106.3,1106.7,1101.4,1101.8,1106.198158030251,2026-07-14 09:35:00+05:30,1102.3,1102.6,1098.0,1101.5,2026-07-14 09:35:00+05:30,1101.74885,1106.7,4.951150000000098,1091.8465499999998,2.0,10.048849999999902,0.8511499999999614,2.029599184027893,0.17190955636568164,2026-07-14 10:15:00+05:30,1095.2,1095.7,1091.7,1093.2,2026-07-14 10:15:00+05:30,1092.3924732749997,TARGET,False,9.356376725000246,2.1941413232749998,7.162235401725246
2026-07-14,SELL,2026-07-14 10:40:00+05:30,1104.7,1105.0,1100.2,1100.2,1103.2271135258811,2026-07-14 10:45:00+05:30,1100.2,1101.0,1096.5,1099.2,2026-07-14 10:45:00+05:30,1099.6499000000001,1105.0,5.350099999999884,1088.9497000000003,2.0,9.649900000000116,4.050099999999929,1.803685912412913,0.7570138875908894,2026-07-14 13:55:00+05:30,1094.7,1096.3,1094.0,1095.2,2026-07-14 13:55:00+05:30,1096.3193142857142,STOP_LOSS,False,3.3305857142859168,2.1959692142857143,1.1346165000002024
2026-07-16,SELL,2026-07-16 15:20:00+05:30,1081.2,1081.6,1080.3,1080.7,1088.482382816641,2026-07-16 15:25:00+05:30,1080.6,1085.6,1077.9,1085.0,2026-07-16 15:25:00+05:30,1080.0597,1081.6,1.5402999999998883,1076.9791000000002,2.0,2.15969999999993,5.540299999999888,1.4021294553009716,3.5968967084336105,2026-07-16 15:25:00+05:30,1080.6,1085.6,1077.9,1085.0,2026-07-16 15:25:00+05:30,1082.1408,STOP_LOSS,False,-2.0810999999998785,2.1622005,-4.2433004999998785
2026-07-17,SELL,2026-07-17 09:30:00+05:30,1105.0,1105.1,1100.3,1101.5,1109.167311309693,2026-07-17 09:35:00+05:30,1102.0,1109.3,1101.3,1104.3,2026-07-17 09:35:00+05:30,1101.449,1105.1,3.65099999999984,1094.1470000000004,2.0,0.1490000000001146,7.850999999999885,0.0408107367844758,2.1503697617091837,2026-07-17 09:35:00+05:30,1102.0,1109.3,1101.3,1104.3,2026-07-17 09:35:00+05:30,1105.65255,STOP_LOSS,False,-4.20354999999995,2.2071015500000004,-6.410651549999951
2026-07-17,SELL,2026-07-17 09:40:00+05:30,1104.3,1105.9,1103.6,1103.6,1108.4127136764475,2026-07-17 09:45:00+05:30,1104.5,1104.5,1097.5,1098.1,2026-07-17 09:45:00+05:30,1103.94775,1105.9,1.9522500000000491,1100.04325,2.0,6.447750000000042,0.5522499999999582,3.302727621974583,0.282878729670864,2026-07-17 09:45:00+05:30,1104.5,1104.5,1097.5,1098.1,2026-07-17 09:45:00+05:30,1100.593271625,TARGET,False,3.354478375000099,2.2045410216250003,1.1499373533750985
2026-07-20,SELL,2026-07-20 10:10:00+05:30,1091.9,1093.0,1090.0,1090.4,1095.7049827638077,2026-07-20 10:15:00+05:30,1090.5,1092.0,1089.2,1090.8,2026-07-20 10:15:00+05:30,1089.95475,1093.0,3.0452499999998963,1083.8642500000003,2.0,0.7547500000000582,3.845249999999851,0.24784500451525618,1.2627042114768843,2026-07-20 10:20:00+05:30,1090.8,1093.8,1090.8,1093.5,2026-07-20 10:20:00+05:30,1093.5465,STOP_LOSS,False,-3.59174999999982,2.1835012500000004,-5.775251249999821
2026-07-20,SELL,2026-07-20 11:40:00+05:30,1091.9,1091.9,1090.5,1090.6,1094.578709210138,2026-07-20 11:45:00+05:30,1090.6,1091.7,1090.5,1090.5,2026-07-20 11:45:00+05:30,1090.0547,1091.9,1.8453000000001794,1086.3640999999996,2.0,4.754699999999957,1.6453000000001339,2.5766542025684145,0.8916165393160862,2026-07-20 12:10:00+05:30,1088.9,1089.3,1085.3,1085.7,2026-07-20 12:10:00+05:30,1086.9072820499996,TARGET,False,3.1474179500003174,2.1769619820499995,0.970455967950318
2026-07-20,SELL,2026-07-20 13:50:00+05:30,1091.4,1091.7,1090.0,1090.6,1092.6525533056927,2026-07-20 13:55:00+05:30,1090.4,1091.1,1089.7,1089.8,2026-07-20 13:55:00+05:30,1089.8548,1091.7,1.845199999999977,1086.1644000000001,2.0,4.354800000000068,1.2451999999998407,2.3600693691741395,0.6748319965314633,2026-07-20 15:05:00+05:30,1087.5,1087.6,1085.5,1087.5,2026-07-20 15:05:00+05:30,1086.7074822000002,TARGET,False,3.1473177999998825,2.1765622822000004,0.9707555177998821
2026-07-21,SELL,2026-07-21 09:45:00+05:30,1084.6,1084.9,1076.3,1077.3,1086.4622647083281,2026-07-21 09:50:00+05:30,1077.1,1082.8,1077.1,1080.9,2026-07-21 09:50:00+05:30,1076.56145,1084.9,8.338550000000168,1059.8843499999996,2.0,9.361449999999877,6.238550000000032,1.1226712078238648,0.7481576533090173,2026-07-21 11:10:00+05:30,1075.2,1077.0,1075.2,1075.7,2026-07-21 11:10:00+05:30,1077.099730725,STOP_LOSS,False,-0.5382807250000496,2.1536611807250003,-2.69194190572505
2026-07-22,SELL,2026-07-22 10:20:00+05:30,1061.9,1062.3,1058.1,1058.1,1064.2431669591194,2026-07-22 10:25:00+05:30,1058.6,1060.1,1056.4,1059.3,2026-07-22 10:25:00+05:30,1058.0707,1062.3,4.2292999999999665,1049.6121,2.0,9.770700000000033,4.1293000000000575,2.3102404653252573,0.9763554252476982,2026-07-22 12:35:00+05:30,1052.5,1052.6,1048.3,1049.9,2026-07-22 12:35:00+05:30,1050.13690605,TARGET,False,7.933793949999881,2.1082076060500006,5.8255863439498805
2026-07-23,BUY,2026-07-23 11:10:00+05:30,1046.3,1049.8,1043.9,1048.2,1042.1287124256564,2026-07-23 11:15:00+05:30,1048.6,1050.5,1047.4,1048.0,2026-07-23 11:15:00+05:30,1049.1243,1043.9,5.224299999999857,1059.5728999999997,2.0,1.3757000000000517,6.124299999999948,0.26332714430643134,1.1722718833145331,2026-07-23 11:25:00+05:30,1047.9,1048.2,1043.0,1043.4,2026-07-23 11:25:00+05:30,1043.37805,STOP_LOSS,False,-5.746249999999918,2.0925023499999997,-7.838752349999918
2026-07-23,BUY,2026-07-23 11:45:00+05:30,1046.2,1048.9,1046.1,1048.1,1043.1244911508786,2026-07-23 11:50:00+05:30,1048.1,1051.4,1047.3,1051.0,2026-07-23 11:50:00+05:30,1048.62405,1046.1,2.5240499999999884,1053.6721499999999,2.0,6.2759500000001935,1.3240499999999429,2.4864602523722676,0.524573601949228,2026-07-23 12:00:00+05:30,1052.3,1054.9,1051.9,1053.4,2026-07-23 12:00:00+05:30,1053.145313925,TARGET,False,4.521263925000085,2.1017693639250004,2.4194945610750844
2026-07-23,BUY,2026-07-23 14:15:00+05:30,1045.1,1049.0,1045.0,1047.3,1044.5902861173543,2026-07-23 14:20:00+05:30,1047.3,1048.5,1046.3,1047.0,2026-07-23 14:20:00+05:30,1047.82365,1045.0,2.8236500000000433,1053.4709500000001,2.0,7.176349999999957,1.5236500000000888,2.541515414445787,0.5396029961220637,2026-07-23 14:30:00+05:30,1049.2,1055.0,1048.6,1054.8,2026-07-23 14:30:00+05:30,1052.9442145250002,TARGET,False,5.120564525000191,2.1007678645250003,3.0197966604751905
2026-07-23,BUY,2026-07-23 15:05:00+05:30,1044.9,1048.3,1044.1,1047.2,1045.06813810418,2026-07-23 15:10:00+05:30,1047.1,1047.1,1042.9,1045.4,2026-07-23 15:10:00+05:30,1047.6235499999998,1044.1,3.5235499999998865,1054.6706499999996,2.0,0.0,4.723549999999705,0.0,1.3405656227383909,2026-07-23 15:10:00+05:30,1047.1,1047.1,1042.9,1045.4,2026-07-23 15:10:00+05:30,1043.5779499999999,STOP_LOSS,False,-4.045599999999922,2.0912014999999995,-6.136801499999922
2026-07-23,BUY,2026-07-23 15:20:00+05:30,1046.8,1051.4,1046.2,1050.7,1045.208570721018,2026-07-23 15:25:00+05:30,1050.7,1058.5,1049.0,1052.9,2026-07-23 15:25:00+05:30,1051.22535,1046.2,5.025349999999889,1061.2760499999997,2.0,7.274650000000065,2.225349999999935,1.4475907150746168,0.44282487786919994,2026-07-23 15:25:00+05:30,1050.7,1058.5,1049.0,1052.9,2026-07-23 15:25:00+05:30,1052.37355,END_OF_DAY,False,1.148200000000088,2.1035989,-0.9553988999999121
2026-07-24,SELL,2026-07-24 10:25:00+05:30,1025.2,1026.6,1021.4,1022.2,1035.1288463637975,2026-07-24 10:30:00+05:30,1022.5,1022.6,1019.0,1020.2,2026-07-24 10:30:00+05:30,1021.98875,1026.6,4.611249999999927,1012.7662500000001,2.0,8.088750000000005,2.511250000000018,1.7541339116291965,0.5445920303605438,2026-07-24 11:40:00+05:30,1017.8,1023.3,1017.5,1021.6,2026-07-24 11:40:00+05:30,1022.499744375,STOP_LOSS,False,-0.5109943749999957,2.044488494375,-2.5554828693749956
2026-07-27,BUY,2026-07-27 09:30:00+05:30,1070.3,1077.0,1069.0,1074.3,1066.1156094552866,2026-07-27 09:35:00+05:30,1074.5,1077.5,1073.2,1073.6,2026-07-27 09:35:00+05:30,1075.03725,1069.0,6.0372500000000855,1087.1117500000003,2.0,6.9627499999999145,5.83725000000004,1.1532982732203927,0.9668723342581402,2026-07-27 13:30:00+05:30,1078.9,1079.1,1076.9,1077.2,2026-07-27 13:30:00+05:30,1076.932692857143,STOP_LOSS,False,1.8954428571428252,2.151969942857143,-0.2565270857143176
2026-07-28,BUY,2026-07-28 09:30:00+05:30,1106.5,1111.6,1105.7,1110.4,1106.0963272368172,2026-07-28 09:35:00+05:30,1110.1,1111.7,1108.1,1110.7,2026-07-28 09:35:00+05:30,1110.6550499999998,1105.7,4.955049999999801,1120.5651499999994,2.0,5.144950000000108,5.055049999999937,1.0383245375930241,1.0201814310653052,2026-07-28 11:15:00+05:30,1106.8,1107.8,1105.6,1107.3,2026-07-28 11:15:00+05:30,1105.14715,STOP_LOSS,False,-5.507899999999836,2.2158022,-7.7237021999998365
2026-07-28,BUY,2026-07-28 11:45:00+05:30,1107.9,1111.3,1107.0,1111.3,1108.4049647982147,2026-07-28 11:50:00+05:30,1111.3,1113.7,1110.6,1113.4,2026-07-28 11:50:00+05:30,1111.85565,1107.0,4.855649999999969,1121.56695,2.0,6.644350000000031,1.6556499999999232,1.3683749858412517,0.3409739169832945,2026-07-28 12:30:00+05:30,1113.5,1113.9,1110.2,1110.6,2026-07-28 12:30:00+05:30,1111.299722175,STOP_LOSS,False,-0.5559278250000261,2.223155372175,-2.779083197175026
2026-07-29,BUY,2026-07-29 10:20:00+05:30,1148.6,1154.9,1148.0,1154.4,1144.4224880571182,2026-07-29 10:25:00+05:30,1154.4,1156.2,1151.0,1151.0,2026-07-29 10:25:00+05:30,1154.9772,1148.0,6.977200000000039,1168.9316000000001,2.0,9.522799999999961,4.977200000000039,1.3648454967608652,0.713352060998683,2026-07-29 11:50:00+05:30,1157.5,1158.4,1152.6,1153.3,2026-07-29 11:50:00+05:30,1154.3997114000001,STOP_LOSS,False,-0.5774885999999242,2.3093769114000002,-2.8868655113999244
2026-07-29,BUY,2026-07-29 13:15:00+05:30,1150.9,1153.6,1150.9,1153.2,1150.7425792349304,2026-07-29 13:20:00+05:30,1153.2,1155.0,1152.1,1154.8,2026-07-29 13:20:00+05:30,1153.7766000000001,1150.9,2.876600000000053,1159.5298000000003,2.0,4.923399999999901,1.8766000000000531,1.711534450392759,0.6523673781547724,2026-07-29 14:40:00+05:30,1154.5,1154.5,1151.9,1152.2,2026-07-29 14:40:00+05:30,1153.1997117,STOP_LOSS,False,-0.5768883000000642,2.3069763117,-2.8838646117000644
2026-07-30,SELL,2026-07-30 14:05:00+05:30,1168.8,1169.3,1165.7,1165.8,1177.3976724402646,2026-07-30 14:10:00+05:30,1165.9,1165.9,1162.5,1163.0,2026-07-30 14:10:00+05:30,1165.31705,1169.3,3.982949999999846,1157.3511500000004,2.0,8.2170500000002,0.5829499999999825,2.063056277382472,0.1463613653196764,2026-07-30 14:35:00+05:30,1158.0,1158.3,1157.1,1157.9,2026-07-30 14:35:00+05:30,1157.9298255750005,TARGET,False,7.387224424999658,2.3232468755750006,5.063977549424658
2026-07-31,BUY,2026-07-31 09:40:00+05:30,1116.7,1122.7,1116.1,1121.9,1114.613656492199,2026-07-31 09:45:00+05:30,1121.8,1126.6,1121.5,1126.4,2026-07-31 09:45:00+05:30,1122.3609,1116.1,6.260899999999992,1134.8826999999999,2.0,14.03910000000019,0.9608999999998105,2.2423453497101384,0.15347633726777485,2026-07-31 11:10:00+05:30,1133.6,1136.4,1133.1,1134.3,2026-07-31 11:10:00+05:30,1134.3152586499998,TARGET,False,11.954358649999904,2.25667615865,9.697682491349903
2026-07-31,BUY,2026-07-31 14:45:00+05:30,1127.0,1130.0,1127.0,1129.0,1127.1940987102312,2026-07-31 14:50:00+05:30,1129.2,1129.2,1126.5,1127.1,2026-07-31 14:50:00+05:30,1129.7646,1127.0,2.764599999999973,1135.2938,2.0,0.0,3.264599999999973,0.0,1.1808579903060135,2026-07-31 14:50:00+05:30,1129.2,1129.2,1126.5,1127.1,2026-07-31 14:50:00+05:30,1126.4365,STOP_LOSS,False,-3.3280999999999494,2.2562011,-5.58430109999995
2026-07-31,BUY,2026-07-31 14:55:00+05:30,1127.1,1128.1,1126.3,1127.5,1127.2039078305454,2026-07-31 15:00:00+05:30,1127.5,1129.5,1127.0,1128.1,2026-07-31 15:00:00+05:30,1128.06375,1126.3,1.7637500000000728,1131.5912500000002,2.0,3.5362499999998818,1.0637500000000273,2.0049610205526496,0.6031183557760359,2026-07-31 15:05:00+05:30,1128.1,1131.6,1128.1,1131.5,2026-07-31 15:05:00+05:30,1131.0254543750002,TARGET,False,2.9617043750001812,2.259089204375,0.7026151706251813
2026-08-03,BUY,2026-08-03 10:10:00+05:30,1151.2,1158.0,1151.0,1158.0,1146.0221494742652,2026-08-03 10:15:00+05:30,1158.1,1159.8,1156.5,1157.3,2026-08-03 10:15:00+05:30,1158.67905,1151.0,7.679049999999961,1174.0371499999999,2.0,12.320950000000039,3.579050000000052,1.6044888365097376,0.4660797885155156,2026-08-03 14:15:00+05:30,1170.9,1170.9,1167.1,1168.0,2026-08-03 14:15:00+05:30,1167.1018714285715,STOP_LOSS,False,8.422821428571524,2.3257809214285716,6.097040507142952
2026-08-04,SELL,2026-08-04 09:50:00+05:30,1162.0,1163.0,1160.5,1161.0,1164.5225946097598,2026-08-04 09:55:00+05:30,1161.0,1162.0,1160.6,1161.1,2026-08-04 09:55:00+05:30,1160.4195,1163.0,2.580500000000029,1155.2585,2.0,4.01949999999988,1.580500000000029,1.557643867467481,0.6124782018988612,2026-08-04 11:05:00+05:30,1159.0,1160.9,1158.0,1160.7,2026-08-04 11:05:00+05:30,1160.99970975,STOP_LOSS,False,-0.5802097499999945,2.32141920975,-2.9016289597499947
2026-08-04,SELL,2026-08-04 11:40:00+05:30,1161.7,1162.6,1160.4,1160.7,1161.1970080354506,2026-08-04 11:45:00+05:30,1161.0,1161.0,1158.5,1158.8,2026-08-04 11:45:00+05:30,1160.4195,1162.6,2.180499999999938,1156.0585,2.0,4.619500000000016,0.5805000000000291,2.1185507911030257,0.26622334326991315,2026-08-04 12:00:00+05:30,1158.2,1158.2,1155.8,1156.2,2026-08-04 12:00:00+05:30,1156.6365292500002,TARGET,False,3.7829707499997767,2.3170560292500006,1.465914720749776
2026-08-04,SELL,2026-08-04 13:45:00+05:30,1160.0,1160.6,1159.3,1159.5,1159.9232965240353,2026-08-04 13:50:00+05:30,1159.7,1159.9,1158.7,1158.9,2026-08-04 13:50:00+05:30,1159.12015,1160.6,1.4798499999999422,1156.16045,2.0,0.6201499999999669,1.5798500000000786,0.41906274284555267,1.0675744163260739,2026-08-04 14:05:00+05:30,1159.9,1160.7,1159.3,1160.1,2026-08-04 14:05:00+05:30,1161.1803,STOP_LOSS,False,-2.0601500000000215,2.32030045,-4.380450450000021
2026-08-04,SELL,2026-08-04 14:10:00+05:30,1160.1,1160.3,1159.0,1159.6,1159.8962583339214,2026-08-04 14:15:00+05:30,1159.6,1159.6,1158.6,1159.4,2026-08-04 14:15:00+05:30,1159.0202,1160.3,1.279800000000023,1156.4605999999999,2.0,1.0201999999999316,1.6798000000001139,0.7971558055945565,1.3125488357556523,2026-08-04 14:30:00+05:30,1159.4,1160.7,1158.4,1159.0,2026-08-04 14:30:00+05:30,1160.88015,STOP_LOSS,False,-1.8599500000000262,2.3199003499999997,-4.1798503500000255
2026-08-05,SELL,2026-08-05 09:50:00+05:30,1166.5,1167.8,1163.6,1164.1,1169.2152121015347,2026-08-05 09:55:00+05:30,1164.2,1165.5,1163.2,1164.0,2026-08-05 09:55:00+05:30,1163.6179,1167.8,4.182099999999991,1155.2537,2.0,1.3179000000000087,4.382100000000037,0.3151287630616225,1.0478228641113425,2026-08-05 10:20:00+05:30,1167.6,1168.0,1166.5,1167.7,2026-08-05 10:20:00+05:30,1168.3839,STOP_LOSS,False,-4.766000000000076,2.3320018,-7.098001800000077
2026-08-05,SELL,2026-08-05 13:40:00+05:30,1166.1,1166.7,1164.1,1165.0,1168.583454210935,2026-08-05 13:45:00+05:30,1165.1,1166.4,1164.6,1166.1,2026-08-05 13:45:00+05:30,1164.5174499999998,1166.7,2.1825500000002194,1160.1523499999994,2.0,0.5174499999998261,2.2825500000001284,0.23708506105233515,1.0458179652241182,2026-08-05 14:35:00+05:30,1165.4,1166.8,1164.8,1164.8,2026-08-05 14:35:00+05:30,1167.2833500000002,STOP_LOSS,False,-2.765900000000329,2.3318008,-5.097700800000329
2026-08-06,SELL,2026-08-06 10:05:00+05:30,1170.0,1170.3,1168.4,1169.7,1175.0199025444067,2026-08-06 10:10:00+05:30,1169.7,1171.9,1169.3,1171.5,2026-08-06 10:10:00+05:30,1169.11515,1170.3,1.1848499999998694,1166.7454500000003,2.0,0.0,2.784850000000006,0.0,2.3503819048827386,2026-08-06 10:10:00+05:30,1169.7,1171.9,1169.3,1171.5,2026-08-06 10:10:00+05:30,1170.88515,STOP_LOSS,False,-1.7699999999999818,2.3400003000000003,-4.110000299999982
2026-08-06,SELL,2026-08-06 10:25:00+05:30,1170.9,1171.0,1168.0,1168.3,1174.3621874473195,2026-08-06 10:30:00+05:30,1168.5,1171.3,1168.3,1170.8,2026-08-06 10:30:00+05:30,1167.91575,1171.0,3.084250000000111,1161.7472499999997,2.0,0.0,3.3842500000000655,0.0,1.0972683796708904,2026-08-06 10:30:00+05:30,1168.5,1171.3,1168.3,1170.8,2026-08-06 10:30:00+05:30,1171.5855,STOP_LOSS,False,-3.669750000000022,2.3395012499999996,-6.0092512500000215
2026-08-06,SELL,2026-08-06 10:40:00+05:30,1171.2,1171.2,1168.5,1168.9,1173.9922344987863,2026-08-06 10:45:00+05:30,1169.0,1169.7,1168.3,1168.5,2026-08-06 10:45:00+05:30,1168.4155,1171.2,2.78449999999998,1162.8465,2.0,1.615500000000111,3.1844999999998436,0.580175974142619,1.1436523612856406,2026-08-06 11:30:00+05:30,1169.5,1171.6,1169.2,1171.1,2026-08-06 11:30:00+05:30,1171.7856000000002,STOP_LOSS,False,-3.370100000000093,2.3402011000000003,-5.710301100000093
2026-08-06,SELL,2026-08-06 11:45:00+05:30,1170.3,1170.5,1169.3,1169.8,1172.5757717282022,2026-08-06 11:50:00+05:30,1170.1,1172.6,1170.1,1172.3,2026-08-06 11:50:00+05:30,1169.51495,1170.5,0.9850500000000011,1167.54485,2.0,0.0,3.08504999999991,0.0,3.1318714786050523,2026-08-06 11:50:00+05:30,1170.1,1172.6,1170.1,1172.3,2026-08-06 11:50:00+05:30,1171.08525,STOP_LOSS,False,-1.5703000000000884,2.3406002,-3.9109002000000883
2026-08-06,SELL,2026-08-06 12:20:00+05:30,1170.3,1170.3,1169.0,1169.6,1172.4402862966865,2026-08-06 12:25:00+05:30,1169.6,1170.2,1168.9,1168.9,2026-08-06 12:25:00+05:30,1169.0151999999998,1170.3,1.284800000000132,1166.4455999999996,2.0,0.21519999999986794,1.3848000000002685,0.16749688667484885,1.0778331257784295,2026-08-06 12:30:00+05:30,1169.0,1170.4,1168.8,1169.1,2026-08-06 12:30:00+05:30,1170.88515,STOP_LOSS,False,-1.8699500000002445,2.3399003499999997,-4.209850350000244
2026-08-07,BUY,2026-08-07 09:30:00+05:30,1176.6,1182.4,1175.2,1180.2,1173.1539770436432,2026-08-07 09:35:00+05:30,1180.1,1181.4,1178.0,1180.9,2026-08-07 09:35:00+05:30,1180.69005,1175.2,5.490049999999883,1191.6701499999997,2.0,2.3099500000000717,6.490049999999883,0.4207520878680742,1.1821477035728312,2026-08-07 10:10:00+05:30,1176.6,1177.0,1174.2,1176.7,2026-08-07 10:10:00+05:30,1174.6124,STOP_LOSS,False,-6.077649999999949,2.3553024500000004,-8.432952449999949
2026-08-07,BUY,2026-08-07 13:40:00+05:30,1177.8,1180.2,1177.8,1179.5,1174.872237972497,2026-08-07 13:45:00+05:30,1179.4,1179.7,1177.8,1178.1,2026-08-07 13:45:00+05:30,1179.9897,1177.8,2.18970000000013,1184.3691000000003,2.0,0.0,2.18970000000013,0.0,1.0,2026-08-07 13:45:00+05:30,1179.4,1179.7,1177.8,1178.1,2026-08-07 13:45:00+05:30,1177.2111,STOP_LOSS,False,-2.7786000000000968,2.3572008,-5.135800800000097
2026-08-07,BUY,2026-08-07 14:20:00+05:30,1177.7,1178.4,1176.5,1177.8,1175.0655857279812,2026-08-07 14:25:00+05:30,1178.3,1178.7,1177.4,1178.1,2026-08-07 14:25:00+05:30,1178.88915,1176.5,2.3891499999999724,1183.66745,2.0,0.4108499999999822,2.8891499999999724,0.17196492476403194,1.2092794508507234,2026-08-07 14:50:00+05:30,1177.8,1177.8,1176.0,1176.7,2026-08-07 14:50:00+05:30,1175.91175,STOP_LOSS,False,-2.9773999999999887,2.3548009000000003,-5.3322008999999895
2026-08-10,BUY,2026-08-10 09:55:00+05:30,1181.0,1190.9,1178.8,1189.0,1180.8895706563633,2026-08-10 10:00:00+05:30,1189.4,1189.6,1184.3,1187.0,2026-08-10 10:00:00+05:30,1189.9947000000002,1178.8,11.194700000000239,1212.3841000000007,2.0,5.0052999999998065,6.4947000000001935,0.4471133661464532,0.5801584678463965,2026-08-10 11:50:00+05:30,1188.0,1188.5,1183.5,1184.3,2026-08-10 11:50:00+05:30,1185.678292857143,STOP_LOSS,False,-4.316407142857088,2.375672992857143,-6.692080135714231
2026-08-10,BUY,2026-08-10 13:40:00+05:30,1185.0,1185.9,1184.7,1185.7,1185.628366998416,2026-08-10 13:45:00+05:30,1185.7,1186.5,1184.8,1185.4,2026-08-10 13:45:00+05:30,1186.29285,1184.7,1.5928499999999985,1189.47855,2.0,0.20714999999995598,1.792850000000044,0.13004991053768789,1.125561101170886,2026-08-10 13:50:00+05:30,1185.5,1186.4,1184.5,1186.0,2026-08-10 13:50:00+05:30,1184.1076500000001,STOP_LOSS,False,-2.1851999999998952,2.3704005,-4.555600499999896
2026-08-10,BUY,2026-08-10 14:25:00+05:30,1185.4,1187.6,1183.1,1185.7,1185.4785973297255,2026-08-10 14:30:00+05:30,1185.7,1186.6,1184.1,1184.7,2026-08-10 14:30:00+05:30,1186.29285,1183.1,3.192850000000135,1192.6785500000003,2.0,0.30714999999986503,3.692850000000135,0.09619932035637505,1.1565999029080536,2026-08-10 14:40:00+05:30,1183.9,1184.0,1182.6,1183.9,2026-08-10 14:40:00+05:30,1182.5084499999998,STOP_LOSS,False,-3.7844000000002325,2.3688013000000003,-6.153201300000233
2026-08-11,BUY,2026-08-11 09:30:00+05:30,1189.7,1193.5,1189.0,1193.3,1190.0812303362811,2026-08-11 09:35:00+05:30,1193.2,1193.5,1191.3,1191.3,2026-08-11 09:35:00+05:30,1193.7966000000001,1189.0,4.796600000000126,1203.3898000000004,2.0,0.0,4.796600000000126,0.0,1.0,2026-08-11 09:40:00+05:30,1191.2,1191.3,1189.0,1189.2,2026-08-11 09:40:00+05:30,1188.4055,STOP_LOSS,False,-5.391100000000051,2.3822021000000007,-7.773302100000052
